RA_ICRS|DE_ICRS|SDSS12|SDSS-ID|objID|Sp-ID|SpObjID|umag|e_umag|gmag|e_gmag|rmag|e_rmag|imag|e_imag|zmag|e_zmag|zsp|e_zsp
----------|----------|-------------------|--------------------|-------------------|---------------|-------------------|------|------|------|------|------|------|------|------|------|------|--------|--------
031.365357|-00.498299|J020527.68-002953.8|4874-301-2-0630-0745|1237666407382385385|4235-55451-0440|4768307143210889216|22.955| 0.737|22.296| 0.170|21.008| 0.084|21.284| 0.165|20.625| 0.316| 0.26830| 0.00003



003.249939|+00.248559|J001259.98+001454.8|2728-301-4-0435-0335|1237657191443530063|4217-55478-0992|4748192677945339904|23.380| 0.627|21.890| 0.077|21.392| 0.081|21.289| 0.103|21.885| 0.616| 0.12123| 0.00002




046.088571|-01.063102|J030421.25-010347.1|3388-301-1-0627-0266|1237660024523915530|709-52205-0041 | 798274340939393024|20.264| 0.106|18.708| 0.015|17.987| 0.012|17.535| 0.012|17.269| 0.034| 0.12449| 0.00001

020.406604|-00.977154|J012137.58-005837.7|4858-301-1-0491-0329|1237666338116927817|4228-55484-0252|4760374167370133504|21.276| 0.181|20.578| 0.046|20.037| 0.038|19.687| 0.042|19.507| 0.138| 0.16549| 0.00001





011.634362|+00.838163|J004632.24+005017.3|4128-301-5-0201-0198|1237663204919279814|3590-55201-0680|4042167669800759296|20.548| 0.105|19.076| 0.015|18.169| 0.010|17.683| 0.012|17.390| 0.029| 0.13060| 0.00002


055.497280|-00.782921|J034159.34-004658.5|4136-301-2-0188-0336|1237663237667553616|1157-52643-0217|1302725885064931328|21.056| 0.171|19.520| 0.021|18.789| 0.017|18.369| 0.024|18.020| 0.045| 0.12660| 0.00002

015.536069|-00.879657|J010208.65-005246.7|4858-301-1-0458-0268|1237666338114765068|4225-55455-0170|4756973927174696960|20.340| 0.129|18.501| 0.014|17.463| 0.008|17.014| 0.008|16.703| 0.021| 0.19139| 0.00003



042.633890|+00.807331|J025032.13+004826.3|7717-301-1-0614-0291|1237678617436487971|4241-55450-0877|4775182664280502272|20.471| 0.069|19.516| 0.016|18.902| 0.013|18.506| 0.013|18.346| 0.036| 0.19113| 0.00001


034.560627|+00.795944|J021814.55+004745.3|4874-301-5-0652-0186|1237666408994439354|4237-55478-0588|4770599625407787008|21.668| 0.260|19.910| 0.024|18.820| 0.015|18.318| 0.015|17.937| 0.034| 0.21313| 0.00002



024.900031|-00.757936|J013936.00-004528.5|4263-301-2-0282-0179|1237663783134560435|401-51788-0284 | 451563957967153152|20.467| 0.092|18.529| 0.010|17.337| 0.006|16.834| 0.006|16.439| 0.011| 0.16149| 0.00005





037.136501|-01.042827|J022832.76-010234.1|4136-301-1-0066-0177|1237663237122687153|3744-55209-0444|4215491384402702336|19.863| 0.068|18.687| 0.013|18.035| 0.010|17.706| 0.011|17.549| 0.034| 0.14482| 0.00003



034.759820|-00.272576|J021902.35-001621.2|4263-301-3-0348-0295|1237663783675756839|4237-55478-0392|4770545749338025984|21.598| 0.129|20.840| 0.032|19.873| 0.021|19.517| 0.022|19.196| 0.060| 0.28034| 0.00004






016.857066|+01.043710|J010725.69+010237.3|4263-301-6-0228-0284|1237663785278505244|3735-55209-0914|4205487477857382400|20.705| 0.116|19.231| 0.016|18.368| 0.012|17.934| 0.012|17.692| 0.030| 0.15442| 0.00003



034.628835|-00.212736|J021830.92-001245.8|4263-301-3-0347-0743|1237663783675691751|4236-55479-0070|4769331338761924608|22.993| 0.518|22.003| 0.111|21.271| 0.093|21.285| 0.135|20.815| 0.333| 0.28940| 0.00005









007.721919|-00.718634|J003053.26-004307.0|4263-301-2-0167-0349|1237663783127023965|3587-55182-0486|4038736643447517184|20.775| 0.111|20.123| 0.032|19.753| 0.035|19.423| 0.038|19.408| 0.119| 0.11757| 0.00001















026.421241|-01.054590|J014541.09-010316.5|4263-301-1-0292-0482|1237663782598345186|4231-55444-0042|4763694142059114496|21.460| 0.198|20.173| 0.035|19.166| 0.021|18.760| 0.021|18.372| 0.051| 0.19706| 0.00002

006.364924|-00.839300|J002527.58-005021.4|4263-301-2-0158-0768|1237663783126434560|4219-55480-0052|4750186092560052224|22.586| 0.374|21.589| 0.077|20.897| 0.065|20.542| 0.072|20.454| 0.220| 0.28898| 0.00003


016.931696|-01.039475|J010743.60-010222.1|4858-301-1-0467-0192|1237666338115354816|4226-55475-0224|4758114670824058880|20.776| 0.096|19.151| 0.013|18.169| 0.008|17.708| 0.008|17.400| 0.019| 0.17446| 0.00002




027.169473|-00.575758|J014840.67-003432.7|4874-301-2-0602-0195|1237666407380549827|4232-55447-0278|4764884913202327552|20.590| 0.193|19.407| 0.026|18.876| 0.025|18.552| 0.028|18.313| 0.081| 0.13465| 0.00003




031.460408|-00.332586|J020550.49-001957.3|4263-301-3-0326-0367|1237663783674315119|4235-55451-0424|4768302745164378112|22.128| 0.221|21.113| 0.048|20.564| 0.042|20.234| 0.045|20.250| 0.178| 0.21128| 0.00002






008.107674|-01.053904|J003225.84-010314.0|4263-301-1-0170-0239|1237663782590349551|3587-55182-0452|4038727297598681088|21.165| 0.111|20.312| 0.031|19.815| 0.028|19.455| 0.027|19.147| 0.071| 0.15473| 0.00002




038.100375|-00.714063|J023224.09-004250.6|4263-301-2-0370-0662|1237663783140328086|3745-55234-0423|4216611512292929536|20.650| 0.144|19.965| 0.041|19.252| 0.032|18.932| 0.036|18.811| 0.121| 0.25079| 0.00003








034.604955|+01.133386|J021825.18+010800.1|8062-301-1-0127-0044|1237680099168288812|4237-55478-0544|4770587530779881472|20.899| 0.101|19.736| 0.017|19.139| 0.015|18.784| 0.015|18.701| 0.049| 0.11926| 0.00003

007.052134|+00.117998|J002812.51+000704.7|4263-301-4-0163-0529|1237663784200503825|4220-55447-0818|4751522548389965824|22.615| 0.287|21.668| 0.063|21.049| 0.055|20.879| 0.065|20.481| 0.187| 0.20353| 0.00002

048.263765|-00.471765|J031303.30-002818.3|4849-301-2-0777-0203|1237666300017836235|710-52203-0021 | 799394743254542336|20.491| 0.113|18.870| 0.013|18.034| 0.010|17.561| 0.010|17.193| 0.023| 0.13941| 0.00002


038.475796|+00.280883|J023354.19+001651.1|4874-301-4-0678-0417|1237666408459272609|3744-55209-0856|4215604634100363264|25.384| 0.923|22.852| 0.176|21.307| 0.072|20.782| 0.068|20.289| 0.186| 0.36358| 0.00007




044.214987|-00.351697|J025651.59-002106.1|4263-301-3-0411-0483|1237663783679885795|4242-55476-0190|4776119723501481984|24.114| 0.995|21.869| 0.091|20.755| 0.051|20.163| 0.044|19.944| 0.142| 0.19537| 0.00005


033.518705|-00.239028|J021404.48-001420.5|4263-301-3-0339-0284|1237663783675167004|4236-55479-0318|4769399508482846720|20.903| 0.140|20.010| 0.032|19.549| 0.032|19.289| 0.040|19.286| 0.138| 0.11775| 0.00003








013.843850|-00.389218|J005522.52-002321.1|4263-301-3-0208-0310|1237663783666581814|4224-55481-0188|4755852975506386944|20.622| 0.110|19.273| 0.018|18.607| 0.015|18.300| 0.022|18.056| 0.066| 0.12464| 0.00003


013.433153|-00.559952|J005343.95-003335.8|2677-301-2-0065-0609|1237656971302208097|4224-55481-0310|4755886510611034112|21.739| 0.257|21.404| 0.074|21.083| 0.087|20.756| 0.108|21.030| 0.454| 0.14713| 0.00004




043.113264|+00.251743|J025227.18+001506.2|2820-301-4-0154-0207|1237657586562105551|4242-55476-0610|4776235172222398464|20.302| 0.116|19.052| 0.020|18.091| 0.012|17.596| 0.011|17.161| 0.029| 0.15409| 0.00002








027.394620|-00.649699|J014934.70-003858.9|4263-301-2-0298-1013|1237663783135609845|4232-55447-0142|4764847529806983168|21.808| 0.268|20.331| 0.038|19.580| 0.028|19.099| 0.027|18.686| 0.062| 0.12730| 0.00002













006.059361|-00.249265|J002414.24-001457.3|4263-301-3-0156-0188|1237663783663173820|4220-55447-0452|4751421943076024320|21.025| 0.105|19.897| 0.021|19.111| 0.016|18.760| 0.017|18.540| 0.052| 0.24753| 0.00002




043.772522|-00.147689|J025505.40-000851.6|3461-301-3-0011-0409|1237660339089899929|1562-53052-0164|1758700785669007360|21.889| 0.325|20.080| 0.030|19.026| 0.021|18.553| 0.021|18.281| 0.066| 0.18286| 0.00004





022.777818|+00.485188|J013106.67+002906.6|4263-301-5-0268-0360|1237663784744255848|4230-55483-0620|4762727122236796928|21.016| 0.098|20.321| 0.028|19.935| 0.028|19.723| 0.035|19.715| 0.111| 0.15448| 0.00002

012.583267|-00.919066|J005019.98-005508.6|2728-301-1-0497-0809|1237657189836981033|4224-55481-0460|4755927742297075712|21.979| 0.299|22.373| 0.197|21.732| 0.160|21.281| 0.162|20.577| 0.335| 0.19243| 0.00006

006.750979|-00.586575|J002700.23-003511.6|2728-301-2-0458-0438|1237657190371295670|4220-55447-0282|4751375213831843840|20.964| 0.204|19.990| 0.047|19.559| 0.098|19.333| 0.067|19.254| 0.167| 0.13684| 0.00004




004.015237|+00.808346|J001603.65+004830.0|2728-301-5-0440-0198|1237657191980728518|4218-55479-0870|4749285042764312576|20.407| 0.087|19.460| 0.019|18.824| 0.016|18.551| 0.018|18.271| 0.045| 0.25180| 0.00002





007.889050|-00.135588|J003133.37-000808.1|2728-301-3-0466-0390|1237657190908690822|4220-55447-0039|4751308418500456448|22.162| 0.344|20.867| 0.049|20.428| 0.052|20.029| 0.054|19.802| 0.165| 0.22120| 0.00002

043.494279|+00.987846|J025358.62+005916.2|7675-301-1-0159-0576|1237678437018042944|4242-55476-0672|4776252214652628992|22.330| 0.423|21.308| 0.087|20.096| 0.041|19.486| 0.035|19.039| 0.079| 0.28427| 0.00003


053.685387|+00.355504|J033444.49+002119.8|4849-301-4-0813-0152|1237666301093937304|1063-52591-0510|1196971832176044032|20.545| 0.116|18.945| 0.013|17.892| 0.009|17.422| 0.008|17.028| 0.022| 0.12319| 0.00003


037.952111|-00.492868|J023148.50-002934.3|2700-301-2-0119-0574|1237657070089994814|3615-56544-0062|4070145315457134592|23.055| 0.558|22.145| 0.107|21.167| 0.068|20.901| 0.081|20.543| 0.212| 0.28600| 0.00005

042.667474|-00.066723|J025040.19-000400.2|2700-301-3-0151-0329|1237657070628962633|4242-55476-0540|4776215930768912384|22.043| 0.290|21.739| 0.096|20.717| 0.064|20.434| 0.081|19.890| 0.187| 0.36117| 0.00003







007.662610|+00.142007|J003039.02+000831.2|4263-301-4-0167-0093|1237663784200765533|4221-55443-0576|4752581927776219136|20.233| 0.075|19.112| 0.014|18.186| 0.010|17.742| 0.010|17.458| 0.027| 0.22478| 0.00004





034.282369|-00.802126|J021707.76-004807.6|4263-301-2-0344-0879|1237663783138624367|4236-55479-0135|4769349205825875968|25.039| 1.359|21.476| 0.082|21.006| 0.080|20.602| 0.083|20.597| 0.291| 0.27462| 0.00003

018.408072|-00.966530|J011337.93-005759.5|4858-301-1-0477-0554|1237666338116010538|4227-55481-0288|4759258163017609216|23.439| 0.625|22.564| 0.135|21.845| 0.098|21.392| 0.102|22.710| 0.700| 0.14200| 0.00005








002.712965|-00.069960|J001051.11-000411.8|2728-301-3-0431-0561|1237657190906397233|4217-55478-0072|4747939790270951424|23.893| 0.790|22.338| 0.108|21.749| 0.101|21.549| 0.115|21.581| 0.441| 0.15733| 0.00004

016.420036|+00.312016|J010540.80+001843.2|4858-301-4-0464-0555|1237666339725771307|4226-55475-0650|4758231768812417024|22.807| 0.928|21.576| 0.119|20.972| 0.110|20.691| 0.128|20.749| 0.579| 0.29336| 0.00008

006.583848|-00.425988|J002620.12-002533.5|2728-301-2-0457-0449|1237657190371230145|4220-55447-0364|4751397753820213248|21.491| 0.291|21.016| 0.083|20.347| 0.097|19.884| 0.080|20.106| 0.314| 0.22848| 0.00004




034.610755|+00.226137|J021826.58+001334.0|4874-301-4-0652-0247|1237666408457568503|4237-55478-0605|4770604298332205056|22.422| 0.465|20.266| 0.025|19.142| 0.016|18.628| 0.015|18.213| 0.040| 0.24749| 0.00002


003.124572|-00.977832|J001229.89-005840.1|2728-301-1-0434-0384|1237657189832851840|4218-55479-0325|4749135234305028096|23.138| 0.649|21.237| 0.062|19.727| 0.025|19.168| 0.023|18.808| 0.058| 0.28589| 0.00005



012.546586|+00.675718|J005011.18+004032.5|4128-301-5-0207-0101|1237663204919672933|3590-55201-0870|4042219896603078656|21.035| 0.138|19.186| 0.015|17.965| 0.008|17.473| 0.009|17.139| 0.020| 0.19063| 0.00003




000.669856|-01.165815|J000240.76-010956.9|4145-301-1-0114-0291|1237663275780538659|4216-55477-0128|4746829283510120448|22.576| 0.419|20.246| 0.030|18.791| 0.013|18.260| 0.012|17.931| 0.031| 0.25095| 0.00004








017.566412|+00.471981|J011015.93+002819.1|4263-301-5-0233-0264|1237663784741961992|4226-55475-0882|4758295540486828032|21.582| 0.150|20.912| 0.043|20.148| 0.032|19.728| 0.033|19.456| 0.082| 0.26826| 0.00003





041.989894|+00.589275|J024757.57+003521.3|4136-301-5-0098-0602|1237663239272268378|4241-55450-0684|4775129612844462080|21.539| 0.229|20.805| 0.059|20.246| 0.054|19.920| 0.064|19.803| 0.188| 0.18290| 0.00002





031.909831|-00.324045|J020738.35-001926.5|4263-301-3-0329-0074|1237663783674511434|1506-53003-0155|1695647916162574336|20.079| 0.053|19.018| 0.012|18.421| 0.010|18.062| 0.010|17.922| 0.030| 0.17524| 0.00001


018.016074|-00.024654|J011203.85-000128.7|4858-301-3-0475-0443|1237666339189621179|3736-55214-0070|4206381380894650368|22.829| 0.436|21.748| 0.071|20.979| 0.057|20.421| 0.050|20.299| 0.171| 0.22631| 0.00005







006.807331|+01.120860|J002713.75+010715.0|7674-301-4-0075-0468|1237678434328183252|4220-55447-0704|4751491212308574208|22.174| 0.294|21.467| 0.069|20.596| 0.047|20.320| 0.055|19.826| 0.145| 0.21336| 0.00004

031.016711|-00.366322|J020404.01-002158.7|4263-301-3-0323-0252|1237663783674118396|4234-55478-0104|4767088884780298240|21.209| 0.149|20.085| 0.028|19.037| 0.017|18.629| 0.017|18.328| 0.046| 0.27767| 0.00004




055.791839|+00.104006|J034310.04+000614.4|4136-301-4-0190-0199|1237663238741426375|416-51811-0514 | 468515678874265600|19.093| 0.039|17.779| 0.007|17.043| 0.005|16.618| 0.005|16.335| 0.013| 0.13097| 0.00002


030.636482|-01.089949|J020232.75-010523.8|4263-301-1-0320-0305|1237663782600180017|404-51812-0285 | 454941932968241152|19.335| 0.040|17.866| 0.007|17.012| 0.005|16.565| 0.005|16.241| 0.011| 0.13682| 0.00001

015.860859|+00.331612|J010326.60+001953.8|4858-301-4-0460-0238|1237666339725508846|3736-55214-0530|4206507824731844608|21.994| 0.250|20.279| 0.023|18.924| 0.012|18.418| 0.011|18.070| 0.030| 0.23675| 0.00005

036.316566|+00.674127|J022515.97+004026.8|2820-301-5-0109-0544|1237657587096027680|3615-56544-0580|4070287702212931584|23.128| 0.540|21.140| 0.047|19.936| 0.024|19.445| 0.026|19.127| 0.060| 0.24264| 0.00005




013.695653|-00.251005|J005446.95-001503.6|4263-301-3-0207-0593|1237663783666516561|4224-55481-0235|4755865894768013312|21.935| 0.215|21.122| 0.074|20.630| 0.060|20.481| 0.069|19.931| 0.156| 0.24782| 0.00002



015.734752|+00.183006|J010256.34+001058.8|4263-301-4-0221-0388|1237663784204304772|4226-55475-0535|4758200157853118464|24.033| 0.667|21.360| 0.044|20.162| 0.023|19.781| 0.023|19.606| 0.079| 0.20442| 0.00007



008.906857|+00.369487|J003537.64+002210.1|2728-301-4-0472-0232|1237657191445954792|3587-55182-0738|4038805912680067072|21.812| 0.350|19.710| 0.023|18.391| 0.012|17.842| 0.011|17.394| 0.029| 0.25871| 0.00003




044.930424|-00.954866|J025943.30-005717.5|4849-301-1-0755-0462|1237666299479523790|4242-55476-0050|4776081240594509824|25.153| 1.614|22.087| 0.165|21.680| 0.168|21.460| 0.219|21.898| 1.051| 0.25492| 0.00005


014.497764|-00.686296|J005759.46-004110.6|4263-301-2-0212-0848|1237663783129973584|4225-55455-0418|4757042096895619072|22.209| 0.375|21.059| 0.068|20.353| 0.057|20.045| 0.091|19.659| 0.157| 0.26756| 0.00003


046.795916|+01.119980|J030711.01+010711.9|4849-301-6-0767-0114|1237666302164664434|1564-52991-0332|1760998763947649024|21.490| 0.186|19.398| 0.015|18.299| 0.009|17.826| 0.009|17.471| 0.021| 0.12976| 0.00003


039.020834|-00.994357|J023605.00-005939.6|2820-301-1-0127-0151|1237657584949723287|4239-55458-0256|4772760165420822528|21.461| 0.191|19.859| 0.024|18.646| 0.013|18.143| 0.012|17.791| 0.028| 0.26263| 0.00004

033.741320|+00.602716|J021457.91+003609.7|4263-301-5-0341-0284|1237663784749039900|4236-55479-0726|4769511658668879872|20.399| 0.081|19.493| 0.020|18.898| 0.017|18.597| 0.020|18.550| 0.060| 0.18544| 0.00002

036.722389|-00.327850|J022653.37-001940.2|4263-301-3-0361-0572|1237663783676609084|3615-55179-0352|4070225007149248512|22.927| 0.355|21.561| 0.056|20.833| 0.044|20.505| 0.046|20.340| 0.154| 0.20647| 0.00003

054.927423|+01.092671|J033942.58+010533.6|4849-301-6-0821-0204|1237666302168203468|416-51811-0411 | 468487366449850368|20.790| 0.251|18.455| 0.014|17.347| 0.009|16.848| 0.009|16.499| 0.021| 0.18136| 0.00004



034.806036|-00.384528|J021913.44-002304.3|4263-301-3-0348-0619|1237663783675757163|4237-55478-0384|4770543550314770432|22.729| 0.302|21.513| 0.054|20.193| 0.026|19.643| 0.024|19.314| 0.064| 0.24992| 0.00006


025.648327|-01.213931|J014235.59-011250.1|4263-301-1-0287-0348|1237663782598017372|3639-55205-0112|4097180634652012544|21.822| 0.205|20.533| 0.036|19.704| 0.024|19.311| 0.026|19.049| 0.069| 0.12588| 0.00003


018.935366|+01.037697|J011544.48+010215.7|4263-301-6-0242-0468|1237663785279422932|4227-55481-0828|4759406597087358976|22.127| 0.344|20.880| 0.054|20.228| 0.045|19.920| 0.052|19.807| 0.158| 0.28102| 0.00003











009.879408|+01.023691|J003931.05+010125.2|4247-301-6-0175-0335|1237663716555555151|3588-55184-0708|4039923566283255808|20.554| 0.143|18.922| 0.017|17.761| 0.010|17.276| 0.010|16.969| 0.024| 0.24685| 0.00002





022.930588|-00.731979|J013143.34-004355.1|4263-301-2-0269-0410|1237663783133708698|4230-55483-0458|4762682592015872000|25.859| 0.589|21.846| 0.082|20.662| 0.043|20.061| 0.036|19.653| 0.091| 0.25340| 0.00010



016.175405|-00.356288|J010442.09-002122.6|4263-301-3-0224-0435|1237663783667630515|3735-55209-0262|4205308257462054912|22.837| 0.399|22.101| 0.095|21.129| 0.060|20.926| 0.071|20.810| 0.233| 0.24511| 0.00004

044.617350|-00.970605|J025828.16-005814.1|4849-301-1-0752-1086|1237666299479327806|4242-55476-0092|4776092785466601472|22.561| 0.360|22.373| 0.143|21.597| 0.103|21.540| 0.155|21.902| 0.684| 0.22116| 0.00002


032.459698|-00.061702|J020950.32-000342.1|4874-301-3-0638-0358|1237666407919780198|4236-55479-0520|4769455033820049408|22.201| 0.298|20.488| 0.029|19.430| 0.019|18.929| 0.017|18.641| 0.047| 0.21280| 0.00003


041.785734|+00.775272|J024708.57+004630.9|7717-301-1-0608-0207|1237678617436094671|4240-55455-0948|4774076280788938752|20.999| 0.098|19.961| 0.020|19.193| 0.014|18.743| 0.014|18.509| 0.038| 0.18979| 0.00002


016.868101|-00.269344|J010728.34-001609.6|4263-301-3-0228-0889|1237663783667893113|3735-55209-0120|4205269224799268864|22.387| 0.234|20.687| 0.030|19.773| 0.020|19.391| 0.019|19.063| 0.051| 0.10136| 0.00006


041.213376|+00.365324|J024451.21+002155.1|4874-301-4-0696-0240|1237666408460452080|4241-55450-0570|4775098276763070464|21.604| 0.429|19.230| 0.022|17.983| 0.012|17.462| 0.011|17.076| 0.032| 0.25717| 0.00003







041.024961|+00.521256|J024405.99+003116.5|4136-301-5-0092-0683|1237663239271875243|4241-55450-0526|4775086182135164928|25.409| 0.863|22.750| 0.190|21.965| 0.137|21.855| 0.197|21.756| 0.555| 0.19917| 0.00007










052.381273|+00.516815|J032931.50+003100.5|3438-301-5-0149-0620|1237660241388438124|1566-53003-0593|1763322307096373248|22.950| 0.562|21.001| 0.047|19.634| 0.021|18.995| 0.018|18.578| 0.040| 0.20917| 0.00010



054.417949|+00.998371|J033740.30+005954.1|3438-301-6-0163-0346|1237660241926226266|714-52201-0331 | 803983554999511040|20.482| 0.116|19.488| 0.019|18.638| 0.014|18.233| 0.014|18.026| 0.041| 0.21885| 0.00001








002.915606|-00.415043|J001139.74-002454.1|4263-301-3-0135-0392|1237663783661797768|4217-55478-0025|4747926871009325056|21.286| 0.112|20.350| 0.024|19.696| 0.021|19.364| 0.022|19.318| 0.078| 0.19772| 0.00003


010.162442|-00.073569|J004038.98-000424.8|2728-301-3-0481-0437|1237657190909673909|3589-55186-0436|4040974699432964096|23.102| 0.492|22.077| 0.087|21.245| 0.063|20.888| 0.065|20.807| 0.238| 0.23813| 0.00004

002.681480|+00.201849|J001043.55+001206.6|4263-301-4-0133-0214|1237663784198537430|4217-55478-0940|4748178384294178816|21.330| 0.174|19.988| 0.026|18.631| 0.013|18.144| 0.012|17.734| 0.032| 0.24358| 0.00002







003.428663|+00.652322|J001342.87+003908.3|2728-301-5-0436-0657|1237657191980466833|4218-55479-0720|4749243811078270976|22.942| 0.455|21.152| 0.047|20.694| 0.045|20.251| 0.047|20.246| 0.161| 0.15405| 0.00002


005.683158|-00.479388|J002243.95-002845.7|2728-301-2-0451-0081|1237657190370836561|4219-55480-0150|4750213030594932736|19.122| 0.067|17.798| 0.010|17.112| 0.009|16.746| 0.009|16.502| 0.019| 0.10817| 0.00003

035.140601|+00.203344|J022033.74+001212.0|4263-301-4-0350-0809|1237663784212759337|4237-55478-0688|4770627113198481408|22.618| 0.564|21.216| 0.080|19.764| 0.034|19.096| 0.028|18.766| 0.082| 0.28893| 0.00012






011.305913|+00.828938|J004513.41+004944.1|4128-301-5-0198-0889|1237663204919083897|4222-55444-0950|4753810632037036032|21.677| 0.299|21.087| 0.081|20.255| 0.057|19.892| 0.070|19.703| 0.217| 0.29590| 0.00006





017.881158|+00.409524|J011131.47+002434.2|4858-301-4-0474-0444|1237666339726426556|3736-55214-0922|4206615576871366656|22.516| 0.334|21.643| 0.061|21.063| 0.057|20.907| 0.069|20.377| 0.187| 0.24687| 0.00002

013.509213|+01.068919|J005402.21+010408.1|4858-301-6-0444-0189|1237666340798202045|4224-55481-0709|4755996186895904768|21.490| 0.204|20.124| 0.026|19.065| 0.016|18.647| 0.017|18.390| 0.046| 0.20590| 0.00003








017.447175|-00.588811|J010947.32-003519.7|4858-301-2-0471-0004|1237666338652487684|4227-55481-0484|4759312039087370240|24.018| 1.196|21.419| 0.060|20.278| 0.033|19.818| 0.033|19.606| 0.096| 0.29574| 0.00008




034.149693|-00.155285|J021635.92-000919.0|4874-301-3-0649-0578|1237666407920501314|4236-55479-0198|4769366523134013440|23.034| 0.564|21.576| 0.065|20.228| 0.030|19.686| 0.027|19.390| 0.085| 0.31605| 0.00006






040.626648|-00.971263|J024230.39-005816.5|2820-301-1-0137-0709|1237657584950379205|3650-55244-0104|4109563335258337280|26.200| 1.143|20.964| 0.092|19.869| 0.047|19.353| 0.045|18.812| 0.103| 0.23852| 0.00016

017.951078|-00.496883|J011148.25-002948.7|4858-301-2-0474-0237|1237666338652684525|4227-55481-0382|4759284001540861952|22.349| 0.375|20.012| 0.022|18.740| 0.012|18.240| 0.011|17.901| 0.026| 0.18011| 0.00003






038.612195|+00.866012|J023426.92+005157.6|7717-301-1-0587-0305|1237678617434718513|3745-55234-0680|4216682155915014144|21.887| 0.175|21.552| 0.056|20.951| 0.048|20.715| 0.060|20.571| 0.177| 0.16047| 0.00002

003.185078|-00.034232|J001244.41-000203.2|2728-301-3-0434-0631|1237657190906593911|4218-55479-0316|4749132760403865600|23.446| 0.658|22.437| 0.132|21.887| 0.127|21.542| 0.138|20.427| 0.190| 0.28800| 0.00003





037.818102|-01.130754|J023116.34-010750.7|4263-301-1-0368-0316|1237663782603325756|3744-55209-0294|4215450152716660736|21.390| 0.126|20.352| 0.029|19.512| 0.020|19.175| 0.022|18.984| 0.059| 0.28914| 0.00002



027.702908|+00.429829|J015048.69+002547.3|4263-301-5-0301-0464|1237663784746418640|4232-55447-0886|4765052038969749504|23.051| 0.443|21.653| 0.076|20.880| 0.056|20.463| 0.058|20.022| 0.123| 0.25040| 0.00004




027.564740|-00.886701|J015015.53-005312.1|2700-301-1-0050-0077|1237657069548601421|1504-52940-0220|1693413982355875840|20.049| 0.074|19.044| 0.016|18.427| 0.014|17.965| 0.013|17.782| 0.039| 0.15763| 0.00001


014.879392|-00.256720|J005931.05-001524.1|4263-301-3-0215-0224|1237663783667040480|3735-55209-0480|4205368180845768704|22.899| 0.455|20.246| 0.026|19.115| 0.015|18.617| 0.014|18.257| 0.035| 0.22073| 0.00003




018.201677|+01.040205|J011248.40+010224.7|4145-301-6-0232-0236|1237663278472626412|4227-55481-0628|4759351621505970176|21.101| 0.126|20.062| 0.024|19.605| 0.022|19.305| 0.025|19.111| 0.075| 0.13371| 0.00001


017.190390|+00.733311|J010845.69+004359.9|4128-301-5-0238-0338|1237663204921704786|3736-55214-0800|4206582041766719488|22.030| 0.330|20.856| 0.056|19.971| 0.038|19.754| 0.052|19.499| 0.149| 0.25366| 0.00005


011.009459|-00.230307|J004402.27-001349.1|4263-301-3-0189-0605|1237663783665336925|4222-55444-0071|4753569014356832256|23.039| 0.480|22.263| 0.129|21.636| 0.111|21.540| 0.142|20.968| 0.326| 0.28199| 0.00005

005.679782|+00.012527|J002243.14+000045.0|4263-301-4-0153-0998|1237663784199848934|4219-55480-0160|4750215779374002176|22.326| 0.254|22.731| 0.173|21.369| 0.083|20.995| 0.087|20.833| 0.289| 0.23942| 0.00005


006.381057|+00.793839|J002531.45+004737.8|7674-301-4-0071-0713|1237678434327921353|4219-55480-0952|4750433482676301824|25.428| 0.814|22.521| 0.119|21.699| 0.087|21.409| 0.095|21.074| 0.292| 0.26695| 0.00008

001.261892|+01.146406|J000502.85+010847.0|2728-301-6-0421-0216|1237657192516354264|388-51793-0379 | 436953372663244800|19.603| 0.060|18.500| 0.010|17.680| 0.008|17.237| 0.008|16.968| 0.020| 0.18132| 0.00002




016.189666|+00.055778|J010445.51+000320.8|4263-301-4-0224-0167|1237663784204501159|4226-55475-0610|4758220773696139264|21.683| 0.130|21.435| 0.044|21.368| 0.058|21.121| 0.065|21.687| 0.392| 0.95176| 0.00003


043.121321|-01.139440|J025229.11-010821.9|3388-301-1-0607-0168|1237660024522604712|4242-55476-0406|4776179097129381888|20.143| 0.106|18.254| 0.017|17.283| 0.008|16.719| 0.010|16.401| 0.018| 0.13575| 0.00002


007.352366|+00.831128|J002924.56+004952.0|4128-301-5-0172-0164|1237663204917379236|1493-52933-0579|1681127764431759360|19.854| 0.068|18.715| 0.013|17.996| 0.010|17.593| 0.011|17.341| 0.030| 0.14972| 0.00001



023.659990|+01.236548|J013438.39+011411.5|7717-301-1-0487-0664|1237678617428165272|4230-55483-0789|4762773576603070464|22.588| 0.440|21.694| 0.093|20.667| 0.057|20.291| 0.061|19.768| 0.139| 0.26195| 0.00006






029.205219|-00.235560|J015649.25-001408.0|4263-301-3-0311-0518|1237663783673332230|4233-55449-0202|4765989922421796864|23.228| 0.523|22.133| 0.106|20.614| 0.040|20.235| 0.039|20.207| 0.147| 0.26395| 0.00017




020.019864|+00.913526|J012004.76+005448.6|4263-301-6-0249-0273|1237663785279881489|4228-55484-0670|4760489066335236096|22.659| 0.335|21.702| 0.070|20.930| 0.053|20.544| 0.056|20.103| 0.136| 0.27095| 0.00003




002.852405|+00.702023|J001124.57+004207.2|2728-301-5-0432-0152|1237657191980204184|388-51793-0584 | 437009722634168320|20.631| 0.172|18.542| 0.014|17.366| 0.008|16.803| 0.008|16.449| 0.017| 0.19943| 0.00005

016.958044|+00.828586|J010749.93+004942.9|4128-301-5-0236-0252|1237663204921573628|3736-55214-0718|4206559501778350080|20.098| 0.083|18.880| 0.015|18.171| 0.011|17.769| 0.012|17.476| 0.031| 0.13638| 0.00002










031.445487|+01.208343|J020546.91+011230.0|8062-301-1-0106-0186|1237680099166912698|4235-55451-0582|4768346175873675264|21.887| 0.245|20.167| 0.026|18.877| 0.013|18.364| 0.013|17.992| 0.030| 0.27136| 0.00004

011.884530|-00.417124|J004732.28-002501.6|4263-301-3-0195-0565|1237663783665730101|3590-55201-0316|4042067614242631680|22.521| 0.473|20.864| 0.058|19.953| 0.056|19.591| 0.053|19.567| 0.164| 0.22064| 0.00005



016.451879|+00.820605|J010548.45+004914.1|4128-301-5-0233-0553|1237663204921377321|3736-55214-0640|4206538061301608448|22.352| 0.360|21.257| 0.063|20.009| 0.032|19.532| 0.035|19.161| 0.085| 0.29963| 0.00004






020.941462|+00.816263|J012345.95+004858.5|4128-301-5-0263-0504|1237663204923343352|4228-55484-0880|4760546790695694336|25.204| 0.999|22.564| 0.154|20.931| 0.057|20.184| 0.047|19.807| 0.120| 0.42913| 0.00014







009.806957|-00.277508|J003913.66-001639.0|4263-301-3-0181-0319|1237663783664812351|3589-55186-0470|4040984045281800192|21.133| 0.149|19.987| 0.039|19.334| 0.030|19.132| 0.032|18.935| 0.097| 0.17957| 0.00003


005.752274|+00.036570|J002300.54+000211.6|4263-301-4-0154-0484|1237663784199913956|4220-55447-0536|4751445032820207616|21.317| 0.144|20.028| 0.024|19.041| 0.016|18.572| 0.015|18.241| 0.045| 0.15771| 0.00004


009.414200|-00.037358|J003739.40-000214.4|2728-301-3-0476-0424|1237657190909346216|3587-55182-0234|4038667374214967296|21.089| 0.168|19.946| 0.028|19.354| 0.026|18.996| 0.028|18.885| 0.098| 0.17361| 0.00004












056.738222|-00.517598|J034657.17-003103.3|4849-301-2-0833-0082|1237666300021506130|1633-52998-0230|1838657820090722304|22.082| 0.494|20.163| 0.040|18.772| 0.018|18.145| 0.016|17.782| 0.040| 0.27351| 0.00005


033.480104|-00.482711|J021355.22-002857.7|2700-301-2-0089-0590|1237657070088028750|4235-55451-0004|4768187296443461632|23.049| 0.626|21.463| 0.065|20.822| 0.059|20.533| 0.066|20.510| 0.230| 0.24596| 0.00003








017.505290|+01.235300|J011001.26+011407.0|7717-301-1-0446-0335|1237678617425477967|3736-55214-0828|4206589738348113920|20.064| 0.070|19.178| 0.017|18.495| 0.015|18.197| 0.014|18.050| 0.045| 0.20576| 0.00003


018.823730|+00.788292|J011517.69+004717.8|4128-301-5-0249-0455|1237663204922425799|4227-55481-0794|4759397251238522880|22.677| 0.381|21.603| 0.074|20.577| 0.044|20.128| 0.047|19.723| 0.115| 0.24509| 0.00004




005.437147|-00.324991|J002144.91-001929.9|4263-301-3-0152-0093|1237663783662911581|4219-55480-0239|4750237494728650752|20.953| 0.102|19.337| 0.015|18.289| 0.010|17.775| 0.009|17.431| 0.020| 0.17409| 0.00002




020.983731|+01.255080|J012356.09+011518.2|7717-301-1-0469-0755|1237678617426985715|4314-55855-0252|4857201565582946304|22.269| 0.308|21.263| 0.059|20.100| 0.032|19.480| 0.027|19.083| 0.070| 0.23237| 0.00003


011.613512|-01.060931|J004627.24-010339.3|4263-301-1-0193-0143|1237663782591856783|3589-55186-0124|4040888937525997568|19.627| 0.083|17.372| 0.008|16.162| 0.005|15.574| 0.004|15.160| 0.008| 0.12408| 0.00002


028.444513|-00.818436|J015346.68-004906.3|4263-301-2-0305-0231|1237663783136067815|3606-55182-0214|4060053974886838272|21.796| 0.184|20.950| 0.042|20.035| 0.028|19.611| 0.028|19.518| 0.082| 0.24241| 0.00005






036.349631|-01.208288|J022523.91-011229.8|4263-301-1-0358-0443|1237663782602670523|3615-56544-0408|4070240423212937216|23.740| 0.598|22.392| 0.112|21.821| 0.094|21.295| 0.087|20.923| 0.222| 0.28936| 0.00004





052.711631|-00.618581|J033050.79-003706.8|4849-301-2-0807-0160|1237666300019802272|414-51869-0027 | 466130014492977152|21.143| 0.182|18.959| 0.013|17.701| 0.007|17.111| 0.007|16.730| 0.015| 0.14994| 0.00003



028.277934|+01.113768|J015306.70+010649.5|7717-301-1-0518-0923|1237678617430197147|3606-55182-0752|4060201859200774144|22.546| 0.399|21.014| 0.049|19.783| 0.025|19.271| 0.024|18.958| 0.061| 0.22616| 0.00007


036.817007|-00.393226|J022716.08-002335.6|4263-301-3-0361-0375|1237663783676608887|3615-55179-0319|4070215936178319360|20.904| 0.130|20.165| 0.033|19.104| 0.020|18.594| 0.018|18.203| 0.047| 0.29884| 0.00003




352.492737|-08.886849|J232958.25-085312.6|1729-301-6-0033-0217|1237652901818597593|646-52523-0540 | 727479816219027456|21.727| 0.579|19.272| 0.025|17.717| 0.011|17.174| 0.011|16.828| 0.028| 0.26322| 0.00005




006.859769|+00.283609|J002726.34+001700.9|2728-301-4-0459-0374|1237657191445102966|4220-55447-0767|4751508529616711680|23.932| 0.955|21.860| 0.081|20.691| 0.045|20.152| 0.040|19.913| 0.137| 0.21768| 0.00015




001.817761|-00.303745|J000716.26-001813.4|4263-301-3-0128-0502|1237663783661339126|4217-55478-0268|4747993666340712448|22.702| 0.342|21.210| 0.052|20.053| 0.029|19.516| 0.025|19.165| 0.067| 0.20082| 0.00007






013.205335|+00.631524|J005249.28+003753.4|4128-301-5-0211-0226|1237663204919935202|4223-55451-0982|4754945328154341376|21.094| 0.153|19.680| 0.022|18.462| 0.012|17.936| 0.012|17.568| 0.027| 0.24456| 0.00004








049.049357|-00.600982|J031611.84-003603.5|4849-301-2-0782-0202|1237666300018163914|803-52318-0002 | 904098213840054272|21.320| 0.111|19.513| 0.013|18.571| 0.009|18.184| 0.009|17.862| 0.020| 0.18107| 0.00005

039.720605|+00.090105|J023852.94+000524.3|4263-301-4-0381-0518|1237663784214790662|4240-55455-0578|4773974575963369472|22.338| 0.323|20.925| 0.044|19.757| 0.023|19.218| 0.021|18.912| 0.066| 0.26226| 0.00005














037.648009|+01.103438|J023035.52+010612.3|7675-301-1-0120-0564|1237678437015487028|3615-55179-0870|4070367393905045504|23.788| 0.817|21.929| 0.091|20.738| 0.043|20.372| 0.047|19.854| 0.098| 0.26877| 0.00007


037.498041|-00.763747|J022959.52-004549.4|4263-301-2-0366-0651|1237663783140065931|3615-56544-0178|4070177201294340096|22.939| 0.452|21.759| 0.081|21.103| 0.067|20.835| 0.078|20.826| 0.262| 0.21752| 0.00002


005.404406|-00.880932|J002137.05-005251.3|2728-301-1-0449-0358|1237657189833834854|4219-55480-0214|4750230622780977152|21.541| 0.188|19.671| 0.020|18.460| 0.011|17.978| 0.010|17.621| 0.023| 0.16766| 0.00003





024.684889|+00.376427|J013844.37+002235.1|2700-301-4-0030-0702|1237657071157904062|4231-55444-0602|4763848073687003136|23.507| 0.670|21.177| 0.041|19.709| 0.019|19.176| 0.018|18.878| 0.051| 0.29906| 0.00006

012.666288|-01.042011|J005039.90-010231.2|2728-301-1-0497-0220|1237657189836980444|3590-55201-0170|4042027482068217856|21.334| 0.151|19.535| 0.017|18.422| 0.010|17.954| 0.010|17.608| 0.023| 0.17518| 0.00002

012.215845|-00.216177|J004851.80-001258.2|4263-301-3-0197-0332|1237663783665860940|3590-55201-0274|4042056069370540032|21.034| 0.141|19.745| 0.036|19.028| 0.026|18.651| 0.023|18.522| 0.067| 0.21763| 0.00002





055.561076|+00.478358|J034214.65+002842.0|4136-301-5-0189-0271|1237663239278231823|1157-52643-0492|1302801476489340928|21.650| 0.149|19.665| 0.016|18.671| 0.010|18.241| 0.011|17.965| 0.023| 0.15989| 0.00003


027.537485|+00.420018|J015008.99+002512.0|4263-301-5-0299-0225|1237663784746287329|4233-55449-0510|4766074584817135616|22.667| 0.378|20.440| 0.032|18.938| 0.014|18.325| 0.013|18.029| 0.027| 0.27583| 0.00005

035.270987|+00.828802|J022105.03+004943.6|4874-301-5-0656-0204|1237666408994701516|4237-55478-0713|4770633985146155008|22.793| 0.827|20.063| 0.033|18.790| 0.018|18.278| 0.018|18.051| 0.046| 0.21484| 0.00006



004.933237|-00.400115|J001943.97-002400.4|4263-301-3-0148-0179|1237663783662649523|4219-55480-0350|4750268006176321536|20.713| 0.081|19.737| 0.018|19.355| 0.019|19.086| 0.021|19.049| 0.071| 0.15650| 0.00002


007.148901|-01.003710|J002835.73-010013.3|2728-301-1-0461-0341|1237657189834621269|4220-55447-0184|4751348275796963328|23.535| 0.725|21.911| 0.087|21.442| 0.078|21.073| 0.083|20.872| 0.275| 0.21328| 0.00002



045.985899|+00.728175|J030356.61+004341.4|4849-301-5-0762-0271|1237666301627465999|1563-52941-0517|1759923715614730240|21.699| 0.232|20.088| 0.028|18.979| 0.015|18.406| 0.015|18.030| 0.035| 0.15647| 0.00002





041.814105|-00.725456|J024715.38-004331.6|4263-301-2-0395-0604|1237663783141966428|4240-55455-0056|4773831089695944704|21.463| 0.180|20.758| 0.049|20.217| 0.047|19.949| 0.052|19.836| 0.164| 0.23024| 0.00004




016.642505|+00.460581|J010634.20+002738.0|4263-301-5-0227-0366|1237663784741568878|3735-55209-0860|4205472634450407424|21.568| 0.144|20.540| 0.032|19.689| 0.023|19.298| 0.024|19.091| 0.062| 0.26741| 0.00003

009.011774|+00.835226|J003602.82+005006.8|4128-301-5-0183-0136|1237663204918100104|4222-55444-0556|4753702330141700096|20.950| 0.125|19.417| 0.017|18.505| 0.011|18.027| 0.012|17.776| 0.030| 0.12032| 0.00002


040.601914|-00.795162|J024224.45-004742.5|4263-301-2-0387-0111|1237663783141441647|707-52177-0282 | 796088786231519232|19.774| 0.044|18.717| 0.010|18.342| 0.010|18.038| 0.010|18.112| 0.032| 0.14016| 0.00001


033.799032|+00.536229|J021511.76+003210.4|4263-301-5-0341-0325|1237663784749039941|4236-55479-0732|4769513307936321536|21.366| 0.162|20.255| 0.033|19.029| 0.017|18.526| 0.017|18.182| 0.038| 0.26871| 0.00004

029.963702|+01.216596|J015951.28+011259.7|8062-301-1-0096-0127|1237680099166257279|4234-55478-0622|4767231271536095232|19.973| 0.070|18.030| 0.008|16.960| 0.005|16.528| 0.005|16.170| 0.010| 0.13004| 0.00002




016.285532|-00.012581|J010508.52-000045.2|4858-301-3-0463-0199|1237666339188834503|3736-55214-0620|4206532563743469568|22.782| 0.425|20.796| 0.033|19.341| 0.015|18.800| 0.014|18.481| 0.037| 0.27007| 0.00006




008.175678|-00.318848|J003242.16-001907.8|4263-301-3-0170-0198|1237663783664091334|4220-55447-0010|4751300447041155072|20.204| 0.065|18.783| 0.011|17.710| 0.007|17.242| 0.007|16.950| 0.016| 0.24298| 0.00002






037.375730|-00.747575|J022930.17-004451.2|4263-301-2-0365-0631|1237663783140000375|3744-55209-0390|4215476540995727360|21.684| 0.262|20.111| 0.033|19.140| 0.022|18.670| 0.022|18.222| 0.050| 0.15173| 0.00003



016.648273|+00.540728|J010635.58+003226.6|4263-301-5-0227-0042|1237663784741568554|396-51816-0589 | 446018296664320000|19.171| 0.052|17.679| 0.008|16.717| 0.005|16.196| 0.005|15.849| 0.010| 0.11022| 0.00001






012.258611|+00.547423|J004902.06+003250.7|4247-301-5-0190-0346|1237663716019667290|3590-55201-0762|4042190209789128704|20.255| 0.065|19.572| 0.019|19.178| 0.019|18.873| 0.022|18.896| 0.069| 0.17041| 0.00001


017.134645|-00.218370|J010832.31-001306.1|4263-301-3-0230-0533|1237663783668023829|3735-55209-0031|4205244760665550848|24.212| 1.098|22.231| 0.133|20.418| 0.042|19.608| 0.029|19.255| 0.080| 0.46923| 0.00019

023.783026|-00.184033|J013507.92-001102.5|4874-301-3-0580-0201|1237666407915978953|4230-55483-0238|4762622118876344320|21.691| 0.159|20.677| 0.028|19.964| 0.024|19.454| 0.021|19.267| 0.064| 0.15350| 0.00001




014.329136|+00.021356|J005718.99+000116.8|4263-301-4-0211-0171|1237663784203649195|4225-55455-0580|4757086627116544000|24.331| 0.784|21.614| 0.055|20.283| 0.027|19.732| 0.023|19.559| 0.079| 0.19479| 0.00007





009.870869|-01.199992|J003929.00-011159.9|4263-301-1-0181-0717|1237663782591070925|3588-55184-0330|4039819662434430976|22.969| 0.456|21.077| 0.048|20.044| 0.029|19.643| 0.030|19.524| 0.091| 0.20601| 0.00002

007.125646|-00.068231|J002830.15-000405.6|2728-301-3-0460-0867|1237657190908298083|4220-55447-0271|4751372190174867456|24.320| 1.662|21.682| 0.105|20.469| 0.054|19.727| 0.041|19.516| 0.136| 0.25288| 0.00011

030.126006|-00.710593|J020030.24-004238.1|4263-301-2-0317-0219|1237663783136854235|4234-55478-0334|4767152106698895360|21.569| 0.127|21.346| 0.049|20.977| 0.052|21.008| 0.077|20.870| 0.222| 0.22711| 0.00001


027.999577|+00.301920|J015159.89+001806.9|2700-301-4-0053-0173|1237657071159410861|3606-55182-0684|4060183167503101952|20.654| 0.103|19.865| 0.022|19.235| 0.020|18.914| 0.022|18.663| 0.070| 0.24050| 0.00001



003.941175|-00.071738|J001545.88-000418.2|2728-301-3-0439-0619|1237657190906921579|4218-55479-0160|4749089879450382336|21.825| 0.221|20.725| 0.042|20.153| 0.038|19.914| 0.042|19.749| 0.140| 0.14613| 0.00002

006.310590|-00.367513|J002514.54-002203.0|4263-301-3-0158-0394|1237663783663305098|4219-55480-0022|4750177846222843904|22.309| 0.250|21.498| 0.064|20.601| 0.047|20.214| 0.045|20.124| 0.163| 0.28861| 0.00003

028.329011|+00.899217|J015318.96+005357.1|4263-301-6-0305-0490|1237663785283551722|3606-55182-0753|4060202134078681088|24.525| 1.393|20.934| 0.047|19.917| 0.029|19.356| 0.026|18.963| 0.063| 0.13198| 0.00009



042.172909|+00.654604|J024841.49+003916.5|2820-301-5-0148-0234|1237657587098583274|4241-55450-0758|4775149953809575936|22.843| 0.391|20.579| 0.029|19.214| 0.014|18.708| 0.013|18.372| 0.030| 0.23743| 0.00003



032.130756|+01.019882|J020831.38+010111.5|7717-301-1-0544-0348|1237678617431900508|4235-55451-0712|4768381910001577984|21.504| 0.146|20.885| 0.038|19.901| 0.023|19.567| 0.026|19.228| 0.065| 0.29635| 0.00004


031.829932|+01.252014|J020719.18+011507.2|8062-301-1-0109-0072|1237680099167109192|4269-55502-0286|4806545409701507072|19.721| 0.097|17.889| 0.010|16.742| 0.006|16.246| 0.006|15.918| 0.014| 0.17506| 0.00003


012.251214|-00.323275|J004900.29-001923.7|4263-301-3-0197-0198|1237663783665860806|393-51794-0034 | 442488039336339456|19.167| 0.054|17.851| 0.009|16.978| 0.007|16.536| 0.007|16.247| 0.017| 0.15622| 0.00002





015.231074|-00.526327|J010055.45-003134.7|4858-301-2-0456-0212|1237666338651504852|4225-55455-0262|4756999215942135808|21.611| 0.347|19.416| 0.023|17.984| 0.011|17.459| 0.010|17.118| 0.024| 0.25748| 0.00003



042.798151|+00.453205|J025111.55+002711.5|4136-301-5-0104-0366|1237663239272661358|4242-55476-0526|4776212082478215168|23.514| 0.661|21.849| 0.080|21.085| 0.060|20.810| 0.073|20.298| 0.157| 0.23193| 0.00003



011.932348|+00.100530|J004743.76+000601.9|4263-301-4-0195-0758|1237663784202601206|3589-55186-0962|4041119285212016640|22.615| 0.243|21.858| 0.061|21.621| 0.069|21.547| 0.092|21.775| 0.427| 0.15292| 0.00003



010.136487|-00.182124|J004032.75-001055.6|2728-301-3-0481-0243|1237657190909673715|3587-55182-0074|4038623393749856256|21.637| 0.196|20.467| 0.030|19.440| 0.020|18.970| 0.018|18.672| 0.055| 0.23631| 0.00004



047.654916|+00.412166|J031037.17+002443.7|4849-301-4-0773-0325|1237666301091316037|1564-52991-0471|1761036971976714240|21.563| 0.143|20.908| 0.033|19.879| 0.021|19.382| 0.020|19.009| 0.058| 0.29284| 0.00002



001.336697|+01.061431|J000520.80+010341.1|2728-301-6-0422-0198|1237657192516419782|4217-55478-0626|4748092072631398400|23.432| 1.117|20.437| 0.036|18.949| 0.016|18.463| 0.016|18.092| 0.038| 0.26568| 0.00004













015.448917|-00.693596|J010147.74-004136.9|4263-301-2-0219-0170|1237663783130431658|4225-55455-0220|4756987671070044160|22.561| 0.392|19.978| 0.024|18.730| 0.012|18.238| 0.012|17.861| 0.025| 0.19089| 0.00003







050.510782|-00.442538|J032202.58-002633.1|4849-301-2-0792-0027|1237666300018819099|809-52647-0106 | 910882206103136256|22.190| 0.372|20.655| 0.041|19.161| 0.018|18.545| 0.016|18.096| 0.036| 0.27043| 0.00008


038.690960|-00.115282|J023445.83-000655.0|4874-301-3-0679-0710|1237666407922467526|3745-55234-0360|4216594194984792064|21.235| 0.189|20.309| 0.033|19.682| 0.033|19.248| 0.030|18.958| 0.094| 0.20726| 0.00002

005.788319|-00.053580|J002309.19-000312.8|2728-301-3-0452-0118|1237657190907773046|4219-55480-0146|4750211931083304960|21.133| 0.151|19.271| 0.015|18.128| 0.009|17.664| 0.009|17.300| 0.022| 0.15973| 0.00003



008.410285|+00.538738|J003338.46+003219.4|4247-301-5-0165-0566|1237663716018029110|3587-55182-0608|4038770178552164352|21.038| 0.165|19.912| 0.033|19.152| 0.027|18.832| 0.029|18.729| 0.087| 0.21217| 0.00004


040.365192|+00.973787|J024127.64+005825.6|7717-301-1-0599-0311|1237678617435504951|4240-55455-0712|4774011409602899968|22.460| 0.242|21.569| 0.049|20.793| 0.038|20.766| 0.051|20.458| 0.123| 0.26476| 0.00001


038.997213|-00.824473|J023559.33-004928.1|4263-301-2-0376-0200|1237663783140720840|3745-55234-0294|4216576053042933760|21.666| 0.298|19.616| 0.026|18.123| 0.011|17.528| 0.010|17.109| 0.022| 0.25447| 0.00003











008.473769|+00.151032|J003353.70+000903.7|4263-301-4-0172-0662|1237663784201093782|4221-55443-0736|4752625908241330176|21.865| 0.239|20.298| 0.030|19.269| 0.020|18.740| 0.017|18.380| 0.049| 0.19104| 0.00003



036.513442|+00.807101|J022603.22+004825.5|2820-301-5-0110-0297|1237657587096092969|3615-56544-0617|4070297872695488512|21.588| 0.140|20.587| 0.028|20.007| 0.025|19.652| 0.027|19.533| 0.076| 0.19233| 0.00002







003.611981|+00.091990|J001426.87+000531.1|4263-301-4-0140-0519|1237663784198996487|4218-55479-0235|4749110495293403136|22.613| 0.277|21.875| 0.070|20.570| 0.036|19.992| 0.031|19.654| 0.088| 0.28674| 0.00006

042.472369|-00.098234|J024953.36-000553.6|2700-301-3-0149-0295|1237657070628831527|4242-55476-0516|4776209333699145728|21.100| 0.205|20.215| 0.040|19.701| 0.040|19.477| 0.058|19.219| 0.161| 0.18217| 0.00003

010.943529|+00.074283|J004346.44+000427.4|4263-301-4-0189-0265|1237663784202207497|3590-55201-0559|4042134409574019072|23.097| 0.468|20.845| 0.035|19.554| 0.019|19.025| 0.017|18.828| 0.051| 0.29841| 0.00004

007.688872|-00.438072|J003045.32-002617.0|2728-301-2-0464-0878|1237657190371689326|4221-55443-0428|4752541245845991424|21.891| 0.296|20.811| 0.049|20.247| 0.046|19.958| 0.051|19.669| 0.148| 0.22933| 0.00001



006.152297|-00.168318|J002436.55-001005.9|2728-301-3-0454-0246|1237657190907904246|4219-55480-0068|4750190490606563328|21.218| 0.145|20.385| 0.032|19.557| 0.025|19.150| 0.024|18.802| 0.071| 0.28589| 0.00003











047.015400|+00.433472|J030803.69+002600.5|3438-301-5-0113-0267|1237660241386078475|811-52669-0425 | 913221692338235392|21.258| 0.121|19.860| 0.018|18.892| 0.012|18.396| 0.012|18.053| 0.026| 0.20453| 0.00002

014.179531|+00.232644|J005643.08+001357.5|4858-301-4-0449-0291|1237666339724788003|4224-55481-0896|4756047589064503296|21.680| 0.238|19.903| 0.023|18.704| 0.013|18.163| 0.012|17.742| 0.031| 0.19716| 0.00004

015.915928|+00.295154|J010339.82+001742.5|4858-301-4-0461-0152|1237666339725574296|4226-55475-0576|4758211427847303168|21.987| 0.370|19.875| 0.024|18.538| 0.013|18.024| 0.012|17.655| 0.032| 0.23980| 0.00004

016.882797|+00.477456|J010731.87+002838.8|4263-301-5-0228-0034|1237663784741634082|3736-55214-0682|4206549606173700096|21.178| 0.100|20.028| 0.021|19.324| 0.017|18.988| 0.018|18.888| 0.051| 0.15437| 0.00002

033.663366|+00.696429|J021439.20+004147.1|2700-301-5-0090-0748|1237657071698707180|4236-55479-0719|4769509734523531264|25.171| 0.861|22.112| 0.090|20.574| 0.037|19.990| 0.034|19.658| 0.084| 0.28864| 0.00009






015.759156|-00.852509|J010302.19-005109.0|4858-301-1-0459-0831|1237666338114831167|3735-55209-0336|4205328598427168768|24.317| 1.227|21.491| 0.069|20.106| 0.029|19.537| 0.026|19.284| 0.075| 0.26309| 0.00008


023.576523|-00.022176|J013418.36-000119.8|2700-301-3-0023-0539|1237657070620574235|4230-55483-0726|4762756259294932992|21.533| 0.253|20.705| 0.065|19.523| 0.034|19.162| 0.036|18.903| 0.096| 0.27348| 0.00003

009.347698|-01.086679|J003723.44-010512.0|4263-301-1-0178-0212|1237663782590873812|3587-55182-0216|4038662426412642304|23.363| 0.690|20.813| 0.046|19.162| 0.017|18.579| 0.015|18.153| 0.033| 0.29226| 0.00005




034.589801|+00.029979|J021821.55+000147.9|4263-301-4-0347-0511|1237663784212562431|4236-55479-0931|4769568008639803392|22.841| 0.442|20.925| 0.040|19.710| 0.022|19.091| 0.019|18.733| 0.052| 0.27330| 0.00003





013.234682|+00.447855|J005256.32+002652.2|4263-301-5-0204-0162|1237663784740061346|4224-55481-0642|4755977770076139520|21.744| 0.149|20.140| 0.022|18.960| 0.012|18.438| 0.012|18.064| 0.025| 0.23618| 0.00002


041.562601|-00.797662|J024615.02-004751.5|4263-301-2-0393-0973|1237663783141835725|4241-55450-0380|4775046049960751104|21.757| 0.183|20.522| 0.031|19.519| 0.019|19.045| 0.018|18.686| 0.044| 0.27222| 0.00002


028.348214|+00.987004|J015323.57+005913.2|4263-301-6-0305-0332|1237663785283551564|3606-55182-0781|4060209830660075520|20.831| 0.117|19.841| 0.023|19.082| 0.017|18.784| 0.019|18.510| 0.052| 0.25561| 0.00002

020.491166|+00.362652|J012157.87+002145.5|4858-301-4-0491-0270|1237666339727540494|4228-55484-0804|4760525899974766592|22.288| 0.366|20.941| 0.043|19.601| 0.019|19.058| 0.018|18.683| 0.057| 0.21557| 0.00005



012.373696|+00.055229|J004929.68+000318.8|4263-301-4-0198-0275|1237663784202797331|4224-55481-0515|4755942860581957632|21.097| 0.158|19.403| 0.019|18.617| 0.015|18.111| 0.014|17.829| 0.039| 0.11628| 0.00002

031.499177|-00.855824|J020559.80-005120.9|4874-301-1-0631-0228|1237666406845579492|4235-55451-0418|4768301095896936448|20.282| 0.090|18.853| 0.013|18.066| 0.010|17.657| 0.010|17.448| 0.029| 0.15505| 0.00002





019.458048|+01.121819|J011749.93+010718.5|4858-301-6-0484-0329|1237666340800823625|4227-55481-0902|4759426938052472832|21.164| 0.145|20.425| 0.032|19.582| 0.021|19.163| 0.022|18.899| 0.063| 0.25402| 0.00002


017.026869|-00.082455|J010806.44-000456.8|4858-301-3-0468-0030|1237666339189162014|3735-55209-0080|4205258229682991104|22.574| 0.573|19.623| 0.020|18.553| 0.012|18.034| 0.012|17.779| 0.033| 0.15367| 0.00003

007.083384|-00.058078|J002820.01-000329.0|2728-301-3-0460-0290|1237657190908297506|4221-55443-0518|4752565984857616384|21.680| 0.224|19.962| 0.023|18.629| 0.012|18.068| 0.011|17.688| 0.026| 0.21774| 0.00004



033.172891|-01.175439|J021241.49-011031.5|4263-301-1-0337-0597|1237663782601294421|4236-55479-0405|4769423422860750848|21.054| 0.147|19.989| 0.037|18.993| 0.021|18.599| 0.022|18.329| 0.057| 0.27919| 0.00003



027.495328|+01.200381|J014958.87+011201.3|7717-301-1-0513-0444|1237678617429868988|4232-55447-0862|4765045441899982848|21.209| 0.148|20.244| 0.032|19.530| 0.023|19.212| 0.026|18.894| 0.070| 0.14203| 0.00002




005.037868|+00.598163|J002009.08+003553.3|4145-301-5-0144-0118|1237663277929988214|4219-55480-0682|4750359265641426944|21.516| 0.148|20.496| 0.029|19.485| 0.017|19.057| 0.020|18.928| 0.055| 0.22479| 0.00001

042.058679|-00.346815|J024814.08-002048.5|4263-301-3-0396-0336|1237663783678902608|4241-55450-0308|4775026258751451136|20.882| 0.131|19.821| 0.024|19.237| 0.022|18.938| 0.024|18.881| 0.082| 0.18073| 0.00002



025.659779|+01.030349|J014238.34+010149.2|4263-301-6-0287-0125|1237663785282371709|3639-55205-0826|4097376897477570560|21.104| 0.121|19.125| 0.012|17.951| 0.007|17.503| 0.007|17.181| 0.016| 0.16613| 0.00002








041.844758|+01.156870|J024722.74+010924.7|7675-301-1-0148-0047|1237678437017321519|4241-55450-0662|4775123565530509312|23.495| 0.738|20.513| 0.032|19.075| 0.013|18.429| 0.011|18.058| 0.026| 0.26709| 0.00004

032.781245|+00.147315|J021107.49+000850.3|4263-301-4-0334-0187|1237663784211710139|4236-55479-0572|4769469327471210496|21.331| 0.155|19.859| 0.021|18.903| 0.014|18.416| 0.013|18.105| 0.039| 0.20196| 0.00002

015.778492|-00.156786|J010306.83-000924.4|4858-301-3-0460-0081|1237666339188637777|3735-55209-0358|4205334645741121536|21.705| 0.272|19.375| 0.017|17.993| 0.009|17.487| 0.008|17.121| 0.020| 0.21698| 0.00003









034.150112|+00.229669|J021636.02+001346.8|4874-301-4-0649-0147|1237666408457371795|4237-55478-0514|4770579284442673152|21.149| 0.155|19.896| 0.020|18.991| 0.015|18.550| 0.014|18.246| 0.044| 0.24497| 0.00002



032.635413|+01.011832|J021032.49+010042.5|7717-301-1-0547-0214|1237678617432096982|4235-55451-0830|4768414345594597376|21.947| 0.243|20.155| 0.025|18.626| 0.011|18.027| 0.010|17.618| 0.021| 0.25991| 0.00003


008.475918|-00.592986|J003354.22-003534.7|2728-301-2-0469-0344|1237657190372016472|3587-55182-0392|4038710804924264448|21.219| 0.153|20.183| 0.027|19.376| 0.020|19.070| 0.023|18.771| 0.061| 0.27639| 0.00002


005.499761|-01.243741|J002159.94-011437.4|4263-301-1-0152-0321|1237663782589169985|4367-55566-0582|4916964965506281472|21.538| 0.166|21.118| 0.068|20.056| 0.040|19.841| 0.044|19.619| 0.125| 0.37553| 0.00003

011.787159|-00.913068|J004708.91-005447.0|2728-301-1-0492-0516|1237657189836653060|3590-55201-0325|4042070088143794176|22.356| 0.455|21.039| 0.066|20.482| 0.060|19.995| 0.062|19.910| 0.198| 0.22246| 0.00004

033.150430|+00.100889|J021236.10+000603.2|4263-301-4-0337-0648|1237663784211907208|4235-55451-0940|4768444582164361216|22.335| 0.230|20.936| 0.032|20.183| 0.024|19.779| 0.023|19.708| 0.088| 0.20733| 0.00002


027.270311|+00.057097|J014904.87+000325.5|4263-301-4-0298-0250|1237663784209350906|4232-55447-0820|4765033897027891200|24.123| 0.877|21.939| 0.078|20.485| 0.035|19.984| 0.032|19.637| 0.088| 0.28626| 0.00008

001.458133|-00.080571|J000549.95-000450.0|2728-301-3-0423-0305|1237657190905872689|4217-55478-0374|4748022803398848512|21.275| 0.185|20.401| 0.039|19.797| 0.038|19.581| 0.043|19.579| 0.166| 0.15691| 0.00002












011.600846|+00.002379|J004624.20+000008.5|4263-301-4-0193-0054|1237663784202469430|393-51794-0106 | 442507830545639424|18.435| 0.032|16.584| 0.004|15.505| 0.003|15.073| 0.003|14.701| 0.006| 0.11644| 0.00002

018.266773|-00.540020|J011304.02-003224.0|4858-301-2-0476-0145|1237666338652815505|4227-55481-0348|4759274655692025856|20.323| 0.109|18.463| 0.011|17.425| 0.007|16.993| 0.007|16.654| 0.015| 0.11976| 0.00002







052.342744|+00.596292|J032922.25+003546.6|3438-301-5-0149-0242|1237660241388437746|1156-52641-0341|1301634069984995328|21.481| 0.239|19.382| 0.018|18.168| 0.010|17.565| 0.009|17.139| 0.019| 0.21402| 0.00004

006.156384|-00.026043|J002437.53-000133.7|2728-301-3-0454-0102|1237657190907904102|4220-55447-0619|4751467847686483968|20.882| 0.087|19.781| 0.016|18.988| 0.013|18.645| 0.013|18.379| 0.035| 0.23186| 0.00002

022.979626|-00.452439|J013155.11-002708.7|4874-301-2-0574-0227|1237666407378714851|4230-55483-0388|4762663350562385920|21.633| 0.258|19.677| 0.020|18.236| 0.010|17.667| 0.009|17.266| 0.019| 0.23498| 0.00003

009.861410|+00.745948|J003926.73+004445.4|4128-301-5-0189-0539|1237663204918493723|3588-55184-0719|4039926589940232192|23.019| 0.556|21.508| 0.071|20.291| 0.037|19.786| 0.039|19.473| 0.104| 0.26244| 0.00006

003.731823|+00.192686|J001455.63+001133.6|4263-301-4-0140-0305|1237663784198996273|4219-55480-0514|4750313086153060352|20.256| 0.061|19.730| 0.018|19.311| 0.018|19.214| 0.023|19.336| 0.095| 0.19846| 0.00001



014.692204|+00.888756|J005846.12+005319.5|4263-301-6-0214-0169|1237663785277587625|4224-55481-0942|4756060233448222720|21.522| 0.166|20.602| 0.032|20.013| 0.028|19.831| 0.036|19.534| 0.096| 0.25089| 0.00002




044.341091|+00.686603|J025721.86+004111.7|7717-301-1-0626-0093|1237678617437274205|410-51877-0504 | 461757531761436672|20.280| 0.078|18.581| 0.010|17.642| 0.007|17.175| 0.006|16.771| 0.014| 0.13547| 0.00003

023.358988|-00.346218|J013326.15-002046.3|4263-301-3-0272-0110|1237663783670775918|4230-55483-0349|4762652630324015104|18.869| 0.031|17.856| 0.007|17.295| 0.006|16.951| 0.006|16.742| 0.015| 0.13487| 0.00002

026.905724|+00.499511|J014737.37+002958.2|4263-301-5-0295-0195|1237663784746025155|4232-55447-0684|4764996513632546816|20.897| 0.079|19.983| 0.019|19.344| 0.016|18.882| 0.016|18.673| 0.040| 0.18499| 0.00001




013.033214|+00.661312|J005207.97+003940.7|4128-301-5-0210-0257|1237663204919869697|3590-55201-0966|4042246284882145280|21.186| 0.137|20.395| 0.031|19.931| 0.031|19.582| 0.038|19.289| 0.098| 0.17866| 0.00001



057.417372|-00.027653|J034940.16-000139.5|4849-301-3-0838-0218|1237666300558704858|1242-52901-0474|1398498025097160704|20.440| 0.106|18.907| 0.013|17.977| 0.009|17.485| 0.009|17.140| 0.024| 0.15905| 0.00003

034.141479|-00.465563|J021633.95-002756.0|2700-301-2-0094-0391|1237657070088356231|4237-55478-0484|4770571038105464832|22.392| 0.375|20.698| 0.037|19.418| 0.019|18.896| 0.018|18.519| 0.043| 0.26529| 0.00004

011.314796|+00.796992|J004515.55+004749.1|4128-301-5-0199-0213|1237663204919148757|3589-55186-0834|4041084100839927808|21.615| 0.205|19.654| 0.019|18.324| 0.010|17.805| 0.010|17.448| 0.023| 0.21810| 0.00003

006.188802|+00.984067|J002445.31+005902.6|4145-301-6-0151-0155|1237663278467317915|4219-55480-0944|4750431283653046272|19.484| 0.065|18.263| 0.011|17.382| 0.007|16.951| 0.008|16.671| 0.020| 0.22042| 0.00001

023.235602|-00.329185|J013256.54-001945.0|4263-301-3-0271-0100|1237663783670710372|4230-55483-0358|4762655104225177600|20.416| 0.083|19.260| 0.016|18.715| 0.014|18.389| 0.015|18.241| 0.049| 0.15708| 0.00002

005.958871|+00.681571|J002350.12+004053.6|4128-301-5-0163-0155|1237663204916789403|4219-55480-0920|4750424686583279616|22.288| 0.325|20.356| 0.031|18.882| 0.014|18.346| 0.014|18.022| 0.032| 0.25886| 0.00004





056.294576|+00.409342|J034510.69+002433.6|4849-301-4-0830-0080|1237666301095051344|416-51811-0589 | 468536294717286400|20.926| 0.093|19.844| 0.016|19.126| 0.013|18.730| 0.013|18.628| 0.047| 0.19391| 0.00001


021.233645|+00.516196|J012456.07+003058.3|4263-301-5-0257-0209|1237663784743534801|4229-55501-0565|4761586104347062272|21.169| 0.106|20.120| 0.024|19.156| 0.015|18.649| 0.015|18.382| 0.033| 0.21651| 0.00002


022.666535|+00.730212|J013039.96+004348.7|2700-301-5-0017-0101|1237657071693922405|4229-55501-0916|4761682586492399616|20.270| 0.088|18.781| 0.012|17.937| 0.009|17.519| 0.009|17.223| 0.021| 0.16110| 0.00002







006.066273|-00.455565|J002415.90-002720.0|2728-301-2-0453-0185|1237657190370967737|4219-55480-0066|4750189940850749440|19.748| 0.059|18.557| 0.010|17.977| 0.009|17.636| 0.010|17.475| 0.028| 0.14367| 0.00002





003.065373|+01.249116|J001215.68+011456.8|7717-301-1-0350-0117|1237678617419186293|4218-55479-0668|4749229517427109888|21.519| 0.157|20.666| 0.033|19.768| 0.022|19.343| 0.022|18.837| 0.048| 0.25489| 0.00002










040.018268|+00.381292|J024004.38+002252.6|4874-301-4-0688-0450|1237666408459928002|3651-55247-0538|4110808532227125248|23.330| 0.726|21.289| 0.049|20.548| 0.040|20.079| 0.039|19.754| 0.121| 0.23848| 0.00002



031.699970|+01.235537|J020647.99+011407.9|8062-301-1-0108-0327|1237680099167043911|4235-55451-0622|4768357170989953024|20.483| 0.132|19.089| 0.019|17.931| 0.010|17.379| 0.010|16.988| 0.023| 0.18421| 0.00003


009.614931|-00.167724|J003827.58-001003.8|2728-301-3-0477-0256|1237657190909411584|3589-55186-0494|4040990642351566848|21.723| 0.175|20.340| 0.025|19.091| 0.013|18.614| 0.012|18.367| 0.034| 0.25381| 0.00006

014.078877|-00.152573|J005618.93-000909.2|4858-301-3-0448-0219|1237666339187851483|4224-55481-0158|4755844729169178624|21.609| 0.179|19.801| 0.018|18.562| 0.010|18.039| 0.010|17.668| 0.023| 0.17503| 0.00003

024.815422|+01.108993|J013915.70+010632.3|7717-301-1-0495-0166|1237678617428689062|4231-55444-0624|4763854121000955904|21.016| 0.149|19.335| 0.017|18.167| 0.010|17.605| 0.009|17.237| 0.021| 0.21576| 0.00010


032.929547|+00.688268|J021143.09+004117.7|2700-301-5-0085-0219|1237657071698378971|4235-55451-0883|4768428914123665408|22.259| 0.272|20.807| 0.036|19.627| 0.020|19.147| 0.019|18.813| 0.047| 0.19988| 0.00003






007.508547|-00.703772|J003002.05-004213.5|4263-301-2-0166-0231|1237663783126958311|4220-55447-0100|4751325186052780032|21.833| 0.227|20.384| 0.033|18.903| 0.015|18.358| 0.013|17.986| 0.030| 0.25539| 0.00004




007.562795|-00.787205|J003015.07-004713.9|4263-301-2-0166-0241|1237663783126958321|391-51782-0060 | 440243386146908160|19.888| 0.076|18.459| 0.016|17.623| 0.009|17.218| 0.009|16.922| 0.022| 0.15559| 0.00005






033.918617|+01.095236|J021540.46+010542.8|7717-301-1-0556-0192|1237678617432686784|4236-55479-0782|4769527051831668736|19.949| 0.089|18.417| 0.012|17.263| 0.007|16.761| 0.007|16.443| 0.016| 0.19568| 0.00004