objID,modelMag_u,modelMag_g,modelMag_r,modelMag_i,modelMag_z,dered_u,dered_g,dered_r,dered_i,dered_z
1237652901818597593,21.72709,19.27239,17.71747,17.17391,16.82778,21.57335,19.15927,17.63543,17.1117,16.78367
1237656971302208097,21.73927,21.40446,21.08317,20.75603,21.03008,21.58171,21.28853,20.99909,20.69227,20.98488
1237657069548601421,20.04924,19.04398,18.42653,17.9653,17.7821,19.86912,18.91145,18.33041,17.89242,17.73042
1237657070088028750,23.04873,21.46291,20.82168,20.53255,20.50964,22.86967,21.33116,20.72612,20.46009,20.45826
1237657070088356231,22.39157,20.69846,19.41843,18.89559,18.51925,22.21445,20.56814,19.32391,18.82392,18.46843
1237657070089994814,23.05513,22.1451,21.16732,20.90134,20.54308,22.92771,22.05135,21.09932,20.84978,20.50652
1237657070620574235,21.53265,20.70499,19.52281,19.16209,18.90295,21.36392,20.58084,19.43277,19.09381,18.85454
1237657070628831527,21.10005,20.21451,19.70109,19.47744,19.21943,20.8024,19.99549,19.54224,19.35699,19.13403
1237657070628962633,22.0433,21.73853,20.71698,20.43423,19.88966,21.69197,21.48002,20.52949,20.29206,19.78886
1237657071157904062,23.50701,21.17726,19.70922,19.17595,18.87815,23.30239,21.0267,19.60001,19.09315,18.81945
1237657071159410861,20.6544,19.86473,19.23487,18.91391,18.66257,20.48855,19.74269,19.14636,18.8468,18.61499
1237657071693922405,20.27034,18.78104,17.93666,17.51885,17.22251,20.15029,18.69271,17.87259,17.47028,17.18807
1237657071698378971,22.25877,20.80673,19.62663,19.1466,18.81255,22.10502,20.6936,19.54458,19.08438,18.76844
1237657071698707180,25.17072,22.11238,20.57372,19.99004,19.6581,25.02158,22.00264,20.49413,19.92969,19.6153
1237657189832851840,23.13761,21.2374,19.72687,19.16844,18.80753,22.84014,21.01853,19.56812,19.04807,18.72219
1237657189833834854,21.54143,19.67085,18.46008,17.9778,17.62057,21.41055,19.57455,18.39024,17.92484,17.58301
1237657189834621269,23.53515,21.91093,21.44183,21.07312,20.87205,23.43529,21.83745,21.38854,21.03271,20.84339
1237657189836653060,22.35571,21.03864,20.48249,19.99545,19.91022,22.24655,20.95832,20.42424,19.95127,19.8789
1237657189836980444,21.33351,19.5355,18.42222,17.95439,17.60817,21.1075,19.36921,18.30161,17.86293,17.54333
1237657189836981033,21.9792,22.37274,21.73184,21.28086,20.57654,21.75732,22.20948,21.61343,21.19108,20.51288
1237657190370836561,19.12206,17.79756,17.11168,16.74588,16.50164,18.99603,17.70483,17.04442,16.69489,16.46548
1237657190370967737,19.74831,18.55722,17.97724,17.63603,17.47481,19.61974,18.46262,17.90863,17.584,17.43792
1237657190371230145,21.4908,21.01563,20.34714,19.88358,20.10616,21.38621,20.93868,20.29133,19.84126,20.07615
1237657190371295670,20.96376,19.98961,19.55942,19.33301,19.25434,20.86116,19.91413,19.50467,19.29149,19.2249
1237657190371689326,21.89077,20.81094,20.24664,19.95751,19.6689,21.78528,20.73333,20.19035,19.91483,19.63864
1237657190372016472,21.21947,20.1827,19.37616,19.0704,18.77113,21.1035,20.09738,19.31428,19.02348,18.73786
1237657190905872689,21.27512,20.40063,19.79676,19.5812,19.57911,21.09702,20.26958,19.70171,19.50913,19.52801
1237657190906397233,23.89273,22.33767,21.7486,21.54893,21.5809,23.7194,22.21013,21.6561,21.47879,21.53117
1237657190906593911,23.44649,22.43674,21.88725,21.54181,20.4267,23.2986,22.32792,21.80832,21.48196,20.38427
1237657190906921579,21.82536,20.72525,20.15347,19.91439,19.74862,21.68735,20.6237,20.07982,19.85855,19.70903
1237657190907773046,21.13296,19.27135,18.12848,17.66376,17.29963,20.98622,19.16337,18.05016,17.60438,17.25753
1237657190907904102,20.88169,19.78094,18.9882,18.64496,18.37874,20.74143,19.67774,18.91335,18.5882,18.3385
1237657190907904246,21.21754,20.38481,19.55673,19.1499,18.8019,21.09241,20.29273,19.48995,19.09926,18.766
1237657190908297506,21.68045,19.96248,18.62917,18.06813,17.68809,21.57744,19.88669,18.5742,18.02645,17.65854
1237657190908298083,24.31987,21.68211,20.46874,19.7265,19.51567,24.2153,21.60517,20.41294,19.68419,19.48567
1237657190908690822,22.16237,20.86697,20.42788,20.02896,19.8022,22.04824,20.783,20.36698,19.98278,19.76945
1237657190909346216,21.08905,19.94592,19.3544,18.99562,18.88455,20.97989,19.8656,19.29615,18.95145,18.85323
1237657190909411584,21.72347,20.3398,19.09112,18.61391,18.36682,21.6341,20.27404,19.04342,18.57775,18.34118
1237657190909673715,21.63662,20.46678,19.4404,18.96989,18.67229,21.51722,20.37893,19.37669,18.92157,18.63803
1237657190909673909,23.10154,22.07671,21.24492,20.88782,20.80721,22.98017,21.9874,21.18015,20.83871,20.77239
1237657191443530063,23.37985,21.89,21.3923,21.28857,21.88475,23.20653,21.76248,21.29981,21.21844,21.83503
1237657191445102966,23.93218,21.86042,20.69127,20.15152,19.91295,23.82129,21.77882,20.6321,20.10665,19.88113
1237657191445954792,21.81215,19.70981,18.39106,17.84189,17.39427,21.68409,19.61558,18.32271,17.79006,17.35753
1237657191980204184,20.6306,18.54151,17.36646,16.80276,16.44855,20.49008,18.43812,17.29147,16.7459,16.40823
1237657191980466833,22.94199,21.15197,20.69444,20.25058,20.24566,22.7997,21.04727,20.61851,20.193,20.20483
1237657191980728518,20.40722,19.46044,18.82449,18.55074,18.27085,20.27423,19.36259,18.75352,18.49693,18.2327
1237657192516354264,19.60284,18.50002,17.68002,17.23691,16.96841,19.45348,18.39012,17.60031,17.17647,16.92556
1237657192516419782,23.43244,20.43728,18.9488,18.4627,18.09211,23.27769,20.32342,18.86621,18.40008,18.04771
1237657584949723287,21.46133,19.85883,18.64575,18.14299,17.79061,21.29409,19.73577,18.5565,18.07531,17.74262
1237657584950379205,26.20011,20.96411,19.8693,19.35322,18.81222,26.02734,20.83699,19.77711,19.28331,18.76266
1237657586562105551,20.3017,19.05205,18.09062,17.59639,17.16113,19.92775,18.7769,17.89106,17.44507,17.05384
1237657587096027680,23.12828,21.14033,19.93612,19.44456,19.12699,22.91558,20.98383,19.82262,19.35849,19.06597
1237657587096092969,21.58828,20.58722,20.00669,19.65178,19.53268,21.4156,20.46016,19.91453,19.5819,19.48314
1237657587098583274,22.84307,20.57874,19.21448,18.70811,18.37222,22.57064,20.37829,19.06909,18.59787,18.29406
1237660024522604712,20.14281,18.25388,17.28321,16.71925,16.40145,19.79531,17.9982,17.09777,16.57863,16.30176
1237660024523915530,20.26437,18.70817,17.98708,17.53535,17.26886,19.87615,18.42253,17.77991,17.37825,17.15747
1237660241386078475,21.25789,19.86019,18.89245,18.39623,18.0531,20.79283,19.51801,18.64426,18.20804,17.91967
1237660241388437746,21.48123,19.38187,18.16841,17.56507,17.13941,20.62855,18.75448,17.71337,17.22003,16.89477
1237660241388438124,22.94953,21.00108,19.63407,18.99514,18.57836,22.15016,20.41291,19.20748,18.67167,18.34902
1237660241926226266,20.48172,19.48767,18.6375,18.2329,18.0262,19.99886,19.13238,18.37982,18.03751,17.88766
1237660339089899929,21.8895,20.08017,19.02557,18.55308,18.28141,21.51802,19.80684,18.82732,18.40276,18.17483
1237663204916789403,22.28846,20.35562,18.88226,18.34618,18.02206,22.16691,20.26619,18.81739,18.297,17.98718
1237663204917379236,19.85356,18.71478,17.99642,17.59304,17.3409,19.70574,18.60602,17.91753,17.53322,17.29849
1237663204918100104,20.94961,19.41747,18.50506,18.0266,17.7761,20.83746,19.33495,18.4452,17.98121,17.74393
1237663204918493723,23.01928,21.50809,20.29095,19.78649,19.47331,22.91983,21.43492,20.23788,19.74625,19.44478
1237663204919083897,21.67691,21.08749,20.25508,19.8919,19.70294,21.56532,21.00538,20.19553,19.84675,19.67092
1237663204919148757,21.61477,19.65402,18.32385,17.80452,17.44828,21.5014,19.57061,18.26336,17.75864,17.41575
1237663204919279814,20.54848,19.07584,18.16927,17.68261,17.38957,20.43653,18.99347,18.10953,17.63731,17.35745
1237663204919672933,21.03475,19.18577,17.96521,17.4726,17.13923,20.93474,19.11218,17.91184,17.43213,17.11054
1237663204919869697,21.18634,20.39455,19.93132,19.58184,19.28868,21.05712,20.29947,19.86236,19.52955,19.2516
1237663204919935202,21.09394,19.68036,18.46235,17.93611,17.56763,20.96699,19.58695,18.3946,17.88473,17.5312
1237663204921377321,22.35166,21.25688,20.00878,19.53232,19.16141,22.21826,21.15872,19.93759,19.47834,19.12313
1237663204921573628,20.09757,18.87975,18.17071,17.76879,17.47646,19.95465,18.77459,18.09444,17.71095,17.43546
1237663204921704786,22.02985,20.85625,19.97079,19.75431,19.49939,21.89348,20.75591,19.89801,19.69913,19.46026
1237663204922425799,22.67711,21.60349,20.57687,20.12814,19.72294,22.51583,21.48482,20.4908,20.06288,19.67667
1237663204923343352,25.20423,22.56363,20.93051,20.18396,19.80689,25.04031,22.44303,20.84304,20.11763,19.75986
1237663237122687153,19.86281,18.6871,18.03481,17.7063,17.54852,19.68037,18.55286,17.93745,17.63248,17.49618
1237663237667553616,21.05601,19.52003,18.78907,18.36903,18.02046,20.57918,19.16918,18.5346,18.17607,17.88365
1237663238741426375,19.09255,17.77886,17.04327,16.61779,16.33463,18.62987,17.43843,16.79636,16.43056,16.20189
1237663239271875243,25.40908,22.74974,21.96496,21.85528,21.75562,25.23548,22.62201,21.87232,21.78504,21.70581
1237663239272268378,21.53921,20.80514,20.24637,19.91961,19.80346,21.32505,20.64756,20.13208,19.83295,19.74202
1237663239272661358,23.51417,21.84892,21.08504,20.80957,20.2981,23.13289,21.56838,20.88157,20.65528,20.18871
1237663239278231823,21.65033,19.66519,18.67096,18.2415,17.96537,21.14144,19.29076,18.39939,18.03557,17.81936
1237663275780538659,22.57582,20.24649,18.79082,18.25998,17.93068,22.4017,20.11837,18.6979,18.18953,17.88072
1237663277929988214,21.51574,20.49594,19.48544,19.05667,18.92811,21.38863,20.40241,19.41761,19.00523,18.89165
1237663278467317915,19.48429,18.2627,17.3819,16.95086,16.67101,19.37253,18.18046,17.32226,16.90564,16.63895
1237663278472626412,21.10081,20.06246,19.60542,19.30462,19.11105,20.94447,19.94742,19.52199,19.24136,19.06619
1237663716018029110,21.03823,19.91155,19.15192,18.83167,18.72862,20.92582,19.82885,19.09193,18.78619,18.69637
1237663716019667290,20.25494,19.57247,19.17806,18.87322,18.89557,20.13465,19.48396,19.11386,18.82454,18.86106
1237663716555555151,20.55361,18.92159,17.76138,17.27625,16.96942,20.44969,18.84512,17.70592,17.23419,16.93961
1237663782589169985,21.53752,21.11821,20.05598,19.84085,19.6185,21.39666,21.01457,19.98082,19.78385,19.57809
1237663782590349551,21.16495,20.3121,19.8151,19.45468,19.14653,21.05943,20.23446,19.75879,19.41198,19.11625
1237663782590873812,23.36298,20.81347,19.16203,18.57898,18.15257,23.25414,20.73338,19.10395,18.53493,18.12134
1237663782591070925,22.96925,21.07679,20.04403,19.64261,19.52383,22.84322,20.98405,19.97677,19.59161,19.48767
1237663782591856783,19.62732,17.37196,16.16155,15.57371,15.15959,19.5103,17.28586,16.0991,15.52636,15.12602
1237663782598017372,21.82172,20.53255,19.70394,19.31132,19.04939,21.688,20.43417,19.63258,19.25721,19.01103
1237663782598345186,21.46013,20.1729,19.16602,18.7595,18.37184,21.29062,20.04818,19.07556,18.69091,18.3232
1237663782600180017,19.33454,17.86635,17.01183,16.56474,16.24112,19.18999,17.75999,16.93469,16.50624,16.19965
1237663782601294421,21.05441,19.98895,18.99274,18.5992,18.3292,20.92497,19.89372,18.92366,18.54682,18.29207
1237663782602670523,23.73955,22.3922,21.82098,21.29516,20.92267,23.58574,22.27903,21.7389,21.23292,20.87854
1237663782603325756,21.39024,20.35218,19.51227,19.17464,18.98449,21.20137,20.21321,19.41148,19.09821,18.9303
1237663783126434560,22.58568,21.58923,20.89653,20.54173,20.45429,22.47383,21.50692,20.83683,20.49647,20.42219
1237663783126958311,21.83293,20.38378,18.90263,18.3575,17.98615,21.72219,20.3023,18.84353,18.31269,17.95438
1237663783126958321,19.88776,18.45869,17.62325,17.21835,16.92234,19.78146,18.38047,17.56652,17.17533,16.89184
1237663783127023965,20.7746,20.1226,19.75309,19.4227,19.40837,20.65578,20.03517,19.68968,19.37461,19.37428
1237663783129973584,22.20877,21.05858,20.35256,20.04537,19.6589,22.06016,20.94923,20.27325,19.98524,19.61626
1237663783130431658,22.56063,19.97846,18.73012,18.23779,17.86089,22.33789,19.81458,18.61126,18.14766,17.79699
1237663783133708698,25.85943,21.84585,20.66201,20.0605,19.6531,25.67144,21.70753,20.56169,19.98443,19.59917
1237663783134560435,20.46658,18.52913,17.33661,16.8335,16.43884,20.29487,18.40279,17.24497,16.76402,16.38958
1237663783135609845,21.80797,20.33053,19.58045,19.09924,18.68567,21.63503,20.20329,19.48816,19.02926,18.63605
1237663783136067815,21.79636,20.9502,20.0351,19.6111,19.51792,21.63056,20.82821,19.94663,19.54401,19.47035
1237663783136854235,21.56888,21.34597,20.97717,21.00797,20.87025,21.43421,21.24688,20.90531,20.95347,20.83161
1237663783138624367,25.03907,21.47625,21.0063,20.60197,20.5971,24.85652,21.34193,20.90888,20.5281,20.54472
1237663783140000375,21.68397,20.11129,19.14036,18.67016,18.22172,21.5214,19.99167,19.0536,18.60438,18.17508
1237663783140065931,22.93865,21.75906,21.10275,20.83455,20.82596,22.77645,21.63971,21.01619,20.76892,20.77942
1237663783140328086,20.65013,19.96547,19.25226,18.93188,18.81065,20.50368,19.85771,19.17411,18.87262,18.76863
1237663783140720840,21.66551,19.61611,18.12319,17.52812,17.10923,21.52017,19.50917,18.04563,17.46931,17.06753
1237663783141441647,19.77378,18.71699,18.34199,18.03818,18.11206,19.59866,18.58814,18.24853,17.96732,18.06181
1237663783141835725,21.75657,20.52183,19.51895,19.04486,18.68614,21.59776,20.40499,19.4342,18.9806,18.64058
1237663783141966428,21.46272,20.75798,20.21704,19.94943,19.83561,21.25484,20.60503,20.1061,19.86531,19.77597
1237663783661339126,22.70166,21.21049,20.05272,19.51633,19.16506,22.52358,21.07946,19.95769,19.44427,19.11397
1237663783661797768,21.28552,20.34951,19.69616,19.36391,19.3178,21.0985,20.2119,19.59636,19.28823,19.26414
1237663783662649523,20.71348,19.73684,19.35469,19.08551,19.04901,20.56114,19.62475,19.2734,19.02387,19.0053
1237663783662911581,20.95252,19.33731,18.2887,17.77545,17.43062,20.81715,19.23771,18.21646,17.72067,17.39178
1237663783663173820,21.02521,19.8972,19.11059,18.75953,18.53964,20.89566,19.80188,19.04146,18.70711,18.50247
1237663783663305098,22.30917,21.49782,20.60134,20.21411,20.12392,22.19152,21.41125,20.53855,20.1665,20.09017
1237663783664091334,20.2037,18.78267,17.7096,17.24234,16.94979,20.08962,18.69873,17.64872,17.19618,16.91706
1237663783664812351,21.1333,19.98658,19.33393,19.13168,18.93524,21.03299,19.91278,19.28041,19.09109,18.90646
1237663783665336925,23.03919,22.26328,21.63637,21.53982,20.96816,22.95846,22.20388,21.59329,21.50715,20.945
1237663783665730101,22.52098,20.86353,19.95346,19.59144,19.56678,22.42249,20.79106,19.9009,19.55158,19.53852
1237663783665860806,19.16748,17.85087,16.97799,16.53621,16.24735,19.05761,17.77003,16.91936,16.49175,16.21583
1237663783665860940,21.03368,19.74451,19.02764,18.65141,18.52199,20.91042,19.65382,18.96185,18.60153,18.48662
1237663783666516561,21.93471,21.12243,20.63049,20.48122,19.93139,21.80661,21.02818,20.56213,20.42938,19.89464
1237663783666581814,20.62226,19.27304,18.60711,18.29995,18.05643,20.49024,19.1759,18.53666,18.24652,18.01855
1237663783667040480,22.89902,20.24634,19.11532,18.61692,18.25671,22.76378,20.14683,19.04315,18.5622,18.21791
1237663783667630515,22.83671,22.10136,21.12949,20.92577,20.80958,22.60387,21.93004,21.00524,20.83154,20.74278
1237663783667893113,22.38743,20.68722,19.77323,19.39095,19.06293,22.20771,20.55499,19.67732,19.31823,19.01137
1237663783668023829,24.21163,22.23124,20.41807,19.60814,19.25531,24.03385,22.10043,20.3232,19.53619,19.2043
1237663783670710372,20.41622,19.26042,18.71466,18.38866,18.24065,20.25707,19.14332,18.62973,18.32426,18.19499
1237663783670775918,18.86852,17.85569,17.2953,16.95096,16.74207,18.71865,17.74541,17.21531,16.89031,16.69907
1237663783673332230,23.22779,22.13338,20.61441,20.23475,20.20683,23.05898,22.00916,20.52432,20.16644,20.1584
1237663783674118396,21.20906,20.08503,19.03734,18.62938,18.32786,21.07923,19.9895,18.96805,18.57685,18.29062
1237663783674315119,22.12811,21.11333,20.56405,20.23392,20.25015,22.00367,21.02177,20.49765,20.18357,20.21445
1237663783674511434,20.07896,19.01758,18.42055,18.06198,17.92219,19.91701,18.89842,18.33413,17.99645,17.87573
1237663783675167004,20.90336,20.01007,19.54931,19.28928,19.28629,20.71519,19.87161,19.44888,19.21313,19.2323
1237663783675691751,22.9927,22.00259,21.27103,21.28474,20.81463,22.81256,21.87004,21.1749,21.21185,20.76295
1237663783675756839,21.59798,20.83965,19.87347,19.51688,19.19628,21.41188,20.70272,19.77416,19.44158,19.14289
1237663783675757163,22.72924,21.51328,20.19329,19.64313,19.31405,22.54882,21.38053,20.09701,19.57012,19.26229
1237663783676608887,20.90384,20.16521,19.10366,18.59396,18.20318,20.75544,20.05602,19.02447,18.53391,18.1606
1237663783676609084,22.92706,21.56108,20.83319,20.50521,20.34029,22.76359,21.4408,20.74596,20.43907,20.29339
1237663783678902608,20.88199,19.82144,19.23707,18.93827,18.88138,20.65679,19.65574,19.11689,18.84714,18.81677
1237663783679885795,24.11431,21.86881,20.75544,20.1627,19.94396,23.78323,21.6252,20.57876,20.02873,19.84897
1237663784198537430,21.33033,19.9877,18.63057,18.1437,17.73443,21.16009,19.86244,18.53972,18.07481,17.68559
1237663784198996273,20.25575,19.72997,19.31095,19.21381,19.33595,20.11814,19.62872,19.23752,19.15812,19.29647
1237663784198996487,22.61349,21.87458,20.56952,19.99228,19.65418,22.48489,21.77995,20.50089,19.94024,19.61729
1237663784199848934,22.32601,22.73138,21.36895,20.99465,20.83266,22.18632,22.6286,21.2944,20.93813,20.79258
1237663784199913956,21.31714,20.02776,19.04145,18.57188,18.24137,21.17017,19.91962,18.96301,18.5124,18.1992
1237663784200503825,22.61527,21.6678,21.04876,20.87872,20.48062,22.50919,21.58975,20.99215,20.8358,20.45018
1237663784200765533,20.23331,19.11199,18.18572,17.7424,17.45787,20.10855,19.02019,18.11914,17.69191,17.42207
1237663784201093782,21.86465,20.29762,19.26888,18.7403,18.3797,21.77001,20.22799,19.21837,18.702,18.35255
1237663784202207497,23.09738,20.8453,19.55446,19.02491,18.82844,23.00626,20.77826,19.50583,18.98804,18.8023
1237663784202469430,18.43494,16.58385,15.50529,15.07324,14.70093,18.33865,16.513,15.4539,15.03428,14.6733
1237663784202601206,22.6153,21.85786,21.62108,21.54701,21.77464,22.5031,21.7753,21.5612,21.50161,21.74245
1237663784202797331,21.09692,19.40326,18.61746,18.11056,17.82914,20.93584,19.28474,18.5315,18.04537,17.78293
1237663784203649195,24.33133,21.61394,20.28265,19.73151,19.55914,24.20272,21.51931,20.21402,19.67947,19.52224
1237663784204304772,24.03321,21.35952,20.16243,19.78087,19.60562,23.85068,21.22521,20.06502,19.70701,19.55325
1237663784204501159,21.68332,21.43492,21.36774,21.12071,21.68742,21.50899,21.30664,21.27471,21.05016,21.63741
1237663784209350906,24.12341,21.93881,20.48476,19.98354,19.6374,23.93381,21.7993,20.38357,19.90682,19.583
1237663784211710139,21.33125,19.85929,18.90325,18.41567,18.10504,21.17882,19.74714,18.82191,18.354,18.06131
1237663784211907208,22.33476,20.93583,20.18345,19.77886,19.70791,22.1757,20.8188,20.09857,19.7145,19.66228
1237663784212562431,22.84064,20.92476,19.71014,19.09096,18.73315,22.63722,20.77508,19.60158,19.00864,18.67478
1237663784212759337,22.61822,21.21553,19.76369,19.09568,18.76613,22.43287,21.07915,19.66478,19.02067,18.71295
1237663784214790662,22.33752,20.92472,19.75747,19.21784,18.91232,22.19034,20.81642,19.67893,19.15828,18.87009
1237663784740061346,21.74407,20.1396,18.95968,18.43806,18.06355,21.61759,20.04653,18.89218,18.38688,18.02726
1237663784741568554,19.17051,17.67944,16.71734,16.19584,15.84941,19.00975,17.56115,16.63155,16.13079,15.80328
1237663784741568878,21.56777,20.54047,19.68945,19.29832,19.09138,21.42373,20.43449,19.61259,19.24004,19.05005
1237663784741634082,21.17776,20.02843,19.3238,18.98779,18.88841,21.02135,19.91333,19.24033,18.9245,18.84354
1237663784741961992,21.58218,20.91196,20.14784,19.72814,19.45574,21.44567,20.81152,20.07499,19.6729,19.41657
1237663784743534801,21.16878,20.11964,19.15611,18.64854,18.38237,21.01592,20.00717,19.07454,18.58669,18.33851
1237663784744255848,21.01573,20.32076,19.93473,19.72315,19.71501,20.8894,20.2278,19.86732,19.67203,19.67877
1237663784746025155,20.8971,19.98262,19.3442,18.88224,18.67258,20.72571,19.85651,19.25274,18.81289,18.62341
1237663784746287329,22.66743,20.44032,18.93844,18.32501,18.02907,22.46965,20.29479,18.8329,18.24498,17.97233
1237663784746418640,23.05105,21.65295,20.88034,20.46283,20.02198,22.86378,21.51515,20.7804,20.38705,19.96825
1237663784749039900,20.39871,19.49338,18.89788,18.59686,18.55008,20.24084,19.37723,18.81364,18.53298,18.50479
1237663784749039941,21.36586,20.25458,19.02897,18.52622,18.18164,21.20663,20.13742,18.94399,18.46179,18.13596
1237663785277587625,21.52192,20.60221,20.01305,19.83082,19.53403,21.37454,20.49377,19.9344,19.77118,19.49174
1237663785278505244,20.70493,19.23119,18.36765,17.93403,17.69179,20.57127,19.13285,18.29632,17.87994,17.65344
1237663785279422932,22.12735,20.87994,20.22831,19.92006,19.80659,21.9736,20.76681,20.14626,19.85784,19.76248
1237663785279881489,22.65898,21.70204,20.92991,20.54419,20.10266,22.51629,21.59706,20.85377,20.48645,20.06172
1237663785282371709,21.10399,19.12536,17.95082,17.5033,17.18132,20.9184,18.9888,17.85178,17.4282,17.12807
1237663785283551564,20.83146,19.84083,19.08192,18.78351,18.51034,20.70054,19.7445,19.01206,18.73053,18.47278
1237663785283551722,24.52519,20.93373,19.91705,19.35639,18.96345,24.39885,20.84077,19.84962,19.30526,18.9272
1237666299479327806,22.56057,22.37314,21.59707,21.53996,21.9016,22.07357,22.01481,21.33718,21.3429,21.76188
1237666299479523790,25.15277,22.08705,21.68031,21.46018,21.89792,24.57829,21.66436,21.37373,21.22772,21.7331
1237666300017836235,20.49115,18.8703,18.03447,17.56095,17.19326,20.09889,18.58168,17.82513,17.40222,17.08072
1237666300018163914,21.31958,19.51323,18.57059,18.18355,17.8623,21.03239,19.30192,18.41733,18.06734,17.77991
1237666300018819099,22.19015,20.65543,19.16079,18.54508,18.0962,21.82699,20.38821,18.96699,18.39812,17.99201
1237666300019802272,21.14254,18.95895,17.70136,17.11072,16.73001,20.44948,18.449,17.33151,16.83027,16.53117
1237666300021506130,22.08183,20.16272,18.77198,18.14494,17.78172,21.07531,19.42214,18.23484,17.73765,17.49294
1237666300558704858,20.44007,18.90702,17.97728,17.48522,17.14016,19.52065,18.23052,17.48663,17.11317,16.87638
1237666301091316037,21.56334,20.90776,19.879,19.38228,19.00911,20.99841,20.49209,19.57752,19.15368,18.84702
1237666301093937304,20.54508,18.9452,17.8919,17.42165,17.0277,19.94508,18.50373,17.5717,17.17886,16.85556
1237666301095051344,20.92559,19.84436,19.12581,18.72976,18.62777,20.15051,19.27407,18.71219,18.41612,18.4054
1237666301627465999,21.6987,20.08821,18.9792,18.40579,18.02959,21.25406,19.76105,18.74191,18.22587,17.90202
1237666302164664434,21.48989,19.39842,18.29907,17.82622,17.47092,21.10853,19.11782,18.09556,17.6719,17.36151
1237666302168203468,20.78967,18.45475,17.3474,16.84824,16.49946,20.24613,18.05481,17.05733,16.62829,16.34352
1237666338114765068,20.33951,18.50064,17.4625,17.0138,16.70294,20.16974,18.37572,17.3719,16.9451,16.65424
1237666338114831167,24.31711,21.49075,20.10572,19.53662,19.2836,24.15293,21.36995,20.0181,19.47018,19.2365
1237666338115354816,20.77594,19.1507,18.1686,17.70766,17.40023,20.53889,18.97628,18.0421,17.61173,17.33222
1237666338116010538,23.43872,22.56368,21.84548,21.39214,22.70988,23.19786,22.38646,21.71694,21.29467,22.64078
1237666338116927817,21.27563,20.57778,20.03684,19.6867,19.50677,21.0471,20.40963,19.91488,19.59423,19.44121
1237666338651504852,21.61066,19.41633,17.98364,17.45938,17.11834,21.42751,19.28157,17.8859,17.38527,17.0658
1237666338652487684,24.01801,21.41916,20.27752,19.81798,19.60578,23.83362,21.28349,20.17912,19.74336,19.55288
1237666338652684525,22.34919,20.01171,18.74014,18.23976,17.90142,22.22429,19.91982,18.67348,18.18922,17.86559
1237666338652815505,20.32275,18.46325,17.42473,16.99303,16.65418,20.18323,18.36058,17.35027,16.93657,16.61415
1237666339187851483,21.60878,19.80055,18.56218,18.03911,17.66798,21.49338,19.71564,18.5006,17.99242,17.63487
1237666339188637777,21.70545,19.3753,17.99251,17.48724,17.12147,21.51269,19.23346,17.88964,17.40924,17.06617
1237666339188834503,22.78195,20.79609,19.34075,18.80033,18.48057,22.63712,20.68953,19.26345,18.74172,18.43901
1237666339189162014,22.57423,19.62291,18.55274,18.03437,17.7787,22.39652,19.49216,18.45791,17.96246,17.72771
1237666339189621179,22.8285,21.74779,20.97858,20.42103,20.29931,22.67191,21.63256,20.89501,20.35766,20.25438
1237666339724788003,21.68002,19.90283,18.70384,18.16266,17.74168,21.56571,19.81873,18.64284,18.11641,17.70889
1237666339725508846,21.99418,20.27852,18.9242,18.41809,18.06971,21.81584,20.1473,18.82903,18.34593,18.01855
1237666339725574296,21.98699,19.87479,18.53782,18.02385,17.6548,21.79732,19.73523,18.43661,17.9471,17.60039
1237666339725771307,22.80705,21.57602,20.972,20.69111,20.74856,22.65248,21.46229,20.88951,20.62857,20.70421
1237666339726426556,22.51564,21.64268,21.06271,20.90724,20.37705,22.38186,21.54425,20.99132,20.85311,20.33866
1237666339727540494,22.28795,20.94104,19.60082,19.05791,18.68328,22.11614,20.81462,19.50913,18.98838,18.63399
1237666340798202045,21.48992,20.1242,19.06506,18.64654,18.38984,21.36543,20.03261,18.99862,18.59616,18.35412
1237666340800823625,21.16392,20.42537,19.58237,19.16327,18.89919,21.00003,20.30478,19.49491,19.09696,18.85217
1237666406845579492,20.28231,18.85295,18.06632,17.65718,17.44843,20.11793,18.73201,17.9786,17.59067,17.40126
1237666407378714851,21.63346,19.6767,18.236,17.66718,17.26622,21.43361,19.52965,18.12935,17.58631,17.20888
1237666407380549827,20.59012,19.40743,18.87566,18.55239,18.31341,20.43886,19.29613,18.79493,18.49117,18.27001
1237666407382385385,22.95532,22.29552,21.00794,21.28432,20.62542,22.81587,22.19291,20.93353,21.22789,20.58541
1237666407915978953,21.69134,20.67726,19.96383,19.45397,19.2674,21.53037,20.55882,19.87792,19.38883,19.22122
1237666407919780198,22.20082,20.48833,19.42964,18.92905,18.64146,22.06433,20.3879,19.3568,18.87382,18.6023
1237666407920501314,23.03376,21.57556,20.22823,19.686,19.39019,22.86566,21.45187,20.13852,19.61797,19.34196
1237666407922467526,21.23487,20.30865,19.68194,19.24825,18.95774,21.12188,20.22552,19.62164,19.20253,18.92532
1237666408457371795,21.14873,19.89609,18.99105,18.54965,18.2463,20.99763,19.78492,18.91042,18.48851,18.20295
1237666408457568503,22.42177,20.26553,19.14157,18.6277,18.21343,22.23338,20.12691,19.04103,18.55147,18.15938
1237666408459272609,25.38365,22.85183,21.30693,20.78209,20.28868,25.2581,22.75945,21.23993,20.73129,20.25266
1237666408459928002,23.3301,21.28915,20.5482,20.07921,19.754,23.17287,21.17346,20.46429,20.01558,19.70889
1237666408460452080,21.60353,19.22986,17.98318,17.46219,17.07585,21.4423,19.11123,17.89714,17.39695,17.02959
1237666408994439354,21.66824,19.91003,18.82019,18.31791,17.93728,21.47637,19.76886,18.71779,18.24027,17.88224
1237666408994701516,22.79275,20.06298,18.78974,18.27816,18.05074,22.59452,19.91713,18.68396,18.19794,17.99387
1237678434327921353,25.42802,22.52145,21.69894,21.40938,21.07419,25.30574,22.43148,21.63369,21.3599,21.03911
1237678434328183252,22.17437,21.46668,20.59565,20.32003,19.82585,22.05131,21.37614,20.52998,20.27024,19.79055
1237678437015487028,23.78769,21.92949,20.73793,20.37209,19.85448,23.67067,21.8434,20.67548,20.32474,19.8209
1237678437017321519,23.49517,20.51277,19.07501,18.42882,18.05787,23.27639,20.35179,18.95826,18.34029,17.99511
1237678437018042944,22.33009,21.30843,20.09629,19.48559,19.03946,21.88634,20.98193,19.85949,19.30602,18.91215
1237678617419186293,21.51857,20.66578,19.76835,19.34279,18.83712,21.39029,20.57139,19.69989,19.29088,18.80032
1237678617425477967,20.06381,19.17816,18.49482,18.19684,18.0498,19.90002,19.05764,18.40741,18.13056,18.0028
1237678617426985715,22.26923,21.26346,20.10038,19.4797,19.0833,22.1201,21.15373,20.0208,19.41935,19.04051
1237678617428165272,22.58767,21.69433,20.66701,20.29093,19.76775,22.44993,21.59298,20.59351,20.23519,19.72823
1237678617428689062,21.01559,19.33535,18.16657,17.60536,17.23691,20.87377,19.23099,18.09088,17.54797,17.19622
1237678617429868988,21.20938,20.24376,19.5301,19.21206,18.89409,21.09309,20.15819,19.46804,19.165,18.86073
1237678617430197147,22.54561,21.01368,19.7826,19.27084,18.95752,22.41729,20.91926,19.71412,19.21891,18.9207
1237678617431900508,21.50445,20.88535,19.90052,19.56652,19.22781,21.35501,20.77539,19.82077,19.50604,19.18494
1237678617432096982,21.94746,20.15487,18.62617,18.02664,17.61801,21.78507,20.03538,18.53951,17.96092,17.57142
1237678617432686784,19.94929,18.41677,17.26303,16.76103,16.44268,19.78073,18.29274,17.17308,16.69282,16.39432
1237678617434718513,21.8874,21.55212,20.95097,20.7148,20.57137,21.77671,21.47068,20.8919,20.67001,20.53962
1237678617435504951,22.46007,21.56862,20.79344,20.76579,20.45844,22.25319,21.4164,20.68303,20.68207,20.39908
1237678617436094671,20.99856,19.9608,19.1935,18.74304,18.5088,20.80826,19.82078,19.09194,18.66603,18.4542
1237678617436487971,20.47062,19.51568,18.90152,18.5062,18.34634,20.19928,19.31603,18.75672,18.3964,18.26849
1237678617437274205,20.28012,18.58077,17.64159,17.1753,16.77112,19.90385,18.30392,17.44079,17.02304,16.66316
1237680099166257279,19.97291,18.03018,16.95993,16.52825,16.16956,19.83438,17.92825,16.886,16.47219,16.12981
1237680099166912698,21.88715,20.16703,18.87745,18.36363,17.99159,21.75586,20.07043,18.80738,18.3105,17.95392
1237680099167043911,20.48258,19.0887,17.93103,17.37854,16.98779,20.34196,18.98523,17.85599,17.32164,16.94745
1237680099167109192,19.72135,17.88875,16.74181,16.24649,15.9183,19.57524,17.78124,16.66383,16.18736,15.87638
1237680099168288812,20.89873,19.73647,19.1392,18.78417,18.70056,20.73644,19.61706,19.0526,18.7185,18.654